#
# There is insufficient memory for the Java Runtime Environment to continue.
# Native memory allocation (malloc) failed to allocate 1610576 bytes for Chunk::new
# Possible reasons:
#   The system is out of physical RAM or swap space
#   The process is running with CompressedOops enabled, and the Java Heap may be blocking the growth of the native heap
# Possible solutions:
#   Reduce memory load on the system
#   Increase physical memory or swap space
#   Check if swap backing store is full
#   Decrease Java heap size (-Xmx/-Xms)
#   Decrease number of Java threads
#   Decrease Java thread stack sizes (-Xss)
#   Set larger code cache with -XX:ReservedCodeCacheSize=
#   JVM is running with Unscaled Compressed Oops mode in which the Java heap is
#     placed in the first 4GB address space. The Java Heap base address is the
#     maximum limit for the native heap growth. Please use -XX:HeapBaseMinAddress
#     to set the Java Heap base and to place the Java Heap above 4GB virtual address.
# This output file may be truncated or incomplete.
#
#  Out of Memory Error (arena.cpp:189), pid=17696, tid=4436
#
# JRE version: Java(TM) SE Runtime Environment (17.0.17+8) (build 17.0.17+8-LTS-360)
# Java VM: Java HotSpot(TM) 64-Bit Server VM (17.0.17+8-LTS-360, mixed mode, sharing, tiered, compressed oops, compressed class ptrs, g1 gc, windows-amd64)
# No core dump will be written. Minidumps are not enabled by default on client versions of Windows
#

---------------  S U M M A R Y ------------

Command Line: --add-opens=java.base/java.lang=ALL-UNNAMED --add-opens=java.base/java.lang.invoke=ALL-UNNAMED --add-opens=java.base/java.util=ALL-UNNAMED --add-opens=java.prefs/java.util.prefs=ALL-UNNAMED --add-exports=jdk.compiler/com.sun.tools.javac.api=ALL-UNNAMED --add-exports=jdk.compiler/com.sun.tools.javac.util=ALL-UNNAMED --add-opens=java.base/java.util=ALL-UNNAMED --add-opens=java.prefs/java.util.prefs=ALL-UNNAMED --add-opens=java.base/java.nio.charset=ALL-UNNAMED --add-opens=java.base/java.net=ALL-UNNAMED --add-opens=java.base/java.util.concurrent.atomic=ALL-UNNAMED --add-opens=java.xml/javax.xml.namespace=ALL-UNNAMED -XX:MaxMetaspaceSize=512m -XX:ReservedCodeCacheSize=256m -XX:+HeapDumpOnOutOfMemoryError -Xmx2G -Dfile.encoding=windows-1252 -Duser.country=US -Duser.language=en -Duser.variant -javaagent:C:\Users\kush kumar\.gradle\wrapper\dists\gradle-8.14-all\c2qonpi39x1mddn7hk5gh9iqj\gradle-8.14\lib\agents\gradle-instrumentation-agent-8.14.jar org.gradle.launcher.daemon.bootstrap.GradleDaemon 8.14

Host: AMD Ryzen 5 7520U with Radeon Graphics         , 8 cores, 15G,  Windows 11 , 64 bit Build 26100 (10.0.26100.9444)
Time: Fri Sep 11 18:41:55 2026 India Standard Time elapsed time: 103.211126 seconds (0d 0h 1m 43s)

---------------  T H R E A D  ---------------

Current thread (0x0000024bffa13060):  JavaThread "C2 CompilerThread0" daemon [_thread_in_native, id=4436, stack(0x000000b7b4000000,0x000000b7b4100000)]


Current CompileTask:
C2: 103211 16356       4       javax.management.ObjectName::construct (1135 bytes)

Stack: [0x000000b7b4000000,0x000000b7b4100000]
Native frames: (J=compiled Java code, j=interpreted, Vv=VM code, C=native code)
V  [jvm.dll+0x67a0ea]
V  [jvm.dll+0x7da56d]
V  [jvm.dll+0x7dbeb3]
V  [jvm.dll+0x7dc523]
V  [jvm.dll+0x2453af]
V  [jvm.dll+0xab763]
V  [jvm.dll+0xabd2c]
V  [jvm.dll+0x3620cf]
V  [jvm.dll+0x32c731]
V  [jvm.dll+0x32bbca]
V  [jvm.dll+0x216b5f]
V  [jvm.dll+0x215f8f]
V  [jvm.dll+0x1a2b50]
V  [jvm.dll+0x22642b]
V  [jvm.dll+0x2245cb]
V  [jvm.dll+0x790964]
V  [jvm.dll+0x78af4a]
V  [jvm.dll+0x678fd5]
C  [ucrtbase.dll+0x2cd30]
C  [KERNEL32.DLL+0x2cd87]
C  [ntdll.dll+0xacaec]


---------------  P R O C E S S  ---------------

Threads class SMR info:
_java_thread_list=0x0000024bd02b7e00, length=113, elements={
0x0000024bfdf880c0, 0x0000024bff9f5030, 0x0000024bff9f6660, 0x0000024bffa0c760,
0x0000024bffa0d220, 0x0000024bffa0faf0, 0x0000024bffa123c0, 0x0000024bffa13060,
0x0000024bffa13a10, 0x0000024b9d9a00b0, 0x0000024bff9dee50, 0x0000024b9db96b70,
0x0000024bbe4df820, 0x0000024bbd867100, 0x0000024bbe2835f0, 0x0000024bbdc79ca0,
0x0000024b9db78210, 0x0000024bbd3d8f50, 0x0000024bbe535c50, 0x0000024b9da7c430,
0x0000024bbe16e0f0, 0x0000024bbe16e5c0, 0x0000024bbe16ea90, 0x0000024bbe16ef60,
0x0000024bbe16f430, 0x0000024bc1357ca0, 0x0000024bc135a7f0, 0x0000024bc1358b10,
0x0000024bc135acc0, 0x0000024bc0149990, 0x0000024bc014a330, 0x0000024bc0148650,
0x0000024bc014acd0, 0x0000024bc0147cb0, 0x0000024bc0149e60, 0x0000024bc01477e0,
0x0000024bc014b1a0, 0x0000024bc014a800, 0x0000024bc014b670, 0x0000024bc014bb40,
0x0000024bc0148180, 0x0000024bc014e690, 0x0000024bc014eb60, 0x0000024bc014dcf0,
0x0000024bc014f030, 0x0000024bc014e1c0, 0x0000024bc014c010, 0x0000024bc014c4e0,
0x0000024bc014d820, 0x0000024bc014c9b0, 0x0000024bc014ce80, 0x0000024bc014d350,
0x0000024bc135d340, 0x0000024bc19e4f10, 0x0000024bc19e4570, 0x0000024bc19e4a40,
0x0000024bc19e53e0, 0x0000024bc19e23c0, 0x0000024bc19e6720, 0x0000024bc19e6250,
0x0000024bc19e6bf0, 0x0000024bc19e3230, 0x0000024bc19e70c0, 0x0000024bc19e3700,
0x0000024bc19e7590, 0x0000024bc19e3bd0, 0x0000024bc19e40a0, 0x0000024bc19e7f30,
0x0000024bc19e8400, 0x0000024bc19e9c10, 0x0000024bc19e88d0, 0x0000024bc19e8da0,
0x0000024bc19e9270, 0x0000024bc19e9740, 0x0000024b9dbc73f0, 0x0000024b9dbc8260,
0x0000024b9dbc78c0, 0x0000024b9dbca410, 0x0000024b9dbc7d90, 0x0000024b9dbc8730,
0x0000024b9dbc8c00, 0x0000024b9dbc6f20, 0x0000024b9dbc90d0, 0x0000024b9dbcc0f0,
0x0000024b9dbca8e0, 0x0000024b9dbcc5c0, 0x0000024b9dbcbc20, 0x0000024b9dbcca90,
0x0000024b9dbcb280, 0x0000024b9dbc9a70, 0x0000024b9dbcb750, 0x0000024b9dbccf60,
0x0000024b9dbc95a0, 0x0000024b9dbcd430, 0x0000024b9dbcd900, 0x0000024b9dbc9f40,
0x0000024b9dbcddd0, 0x0000024b9dbce2a0, 0x0000024b9dbce770, 0x0000024bca090c50,
0x0000024bca090780, 0x0000024bca0902b0, 0x0000024bca091120, 0x0000024bca0915f0,
0x0000024bca08f440, 0x0000024bca092460, 0x0000024bca091ac0, 0x0000024bca092930,
0x0000024bca091f90, 0x0000024bca092e00, 0x0000024bca093c70, 0x0000024bcb4f9560,
0x0000024bcb4f8120
}

Java Threads: ( => current thread )
  0x0000024bfdf880c0 JavaThread "main" [_thread_blocked, id=16844, stack(0x000000b7b3300000,0x000000b7b3400000)]
  0x0000024bff9f5030 JavaThread "Reference Handler" daemon [_thread_blocked, id=25972, stack(0x000000b7b3a00000,0x000000b7b3b00000)]
  0x0000024bff9f6660 JavaThread "Finalizer" daemon [_thread_blocked, id=22304, stack(0x000000b7b3b00000,0x000000b7b3c00000)]
  0x0000024bffa0c760 JavaThread "Signal Dispatcher" daemon [_thread_blocked, id=25780, stack(0x000000b7b3c00000,0x000000b7b3d00000)]
  0x0000024bffa0d220 JavaThread "Attach Listener" daemon [_thread_blocked, id=25060, stack(0x000000b7b3d00000,0x000000b7b3e00000)]
  0x0000024bffa0faf0 JavaThread "Service Thread" daemon [_thread_blocked, id=18988, stack(0x000000b7b3e00000,0x000000b7b3f00000)]
  0x0000024bffa123c0 JavaThread "Monitor Deflation Thread" daemon [_thread_blocked, id=4400, stack(0x000000b7b3f00000,0x000000b7b4000000)]
=>0x0000024bffa13060 JavaThread "C2 CompilerThread0" daemon [_thread_in_native, id=4436, stack(0x000000b7b4000000,0x000000b7b4100000)]
  0x0000024bffa13a10 JavaThread "C1 CompilerThread0" daemon [_thread_blocked, id=27444, stack(0x000000b7b4100000,0x000000b7b4200000)]
  0x0000024b9d9a00b0 JavaThread "Sweeper thread" daemon [_thread_blocked, id=15692, stack(0x000000b7b4200000,0x000000b7b4300000)]
  0x0000024bff9dee50 JavaThread "Common-Cleaner" daemon [_thread_blocked, id=21480, stack(0x000000b7b4300000,0x000000b7b4400000)]
  0x0000024b9db96b70 JavaThread "Notification Thread" daemon [_thread_blocked, id=26692, stack(0x000000b7b4400000,0x000000b7b4500000)]
  0x0000024bbe4df820 JavaThread "Daemon health stats" [_thread_blocked, id=9824, stack(0x000000b7b4b00000,0x000000b7b4c00000)]
  0x0000024bbd867100 JavaThread "Incoming local TCP Connector on port 21963" [_thread_in_native, id=19656, stack(0x000000b7b4600000,0x000000b7b4700000)]
  0x0000024bbe2835f0 JavaThread "Daemon periodic checks" [_thread_blocked, id=3756, stack(0x000000b7b4c00000,0x000000b7b4d00000)]
  0x0000024bbdc79ca0 JavaThread "Daemon" [_thread_blocked, id=25152, stack(0x000000b7b4d00000,0x000000b7b4e00000)]
  0x0000024b9db78210 JavaThread "Handler for socket connection from /127.0.0.1:21963 to /127.0.0.1:51517" [_thread_in_native, id=15956, stack(0x000000b7b4e00000,0x000000b7b4f00000)]
  0x0000024bbd3d8f50 JavaThread "Cancel handler" [_thread_blocked, id=3492, stack(0x000000b7b4f00000,0x000000b7b5000000)]
  0x0000024bbe535c50 JavaThread "Daemon worker" [_thread_in_vm, id=21876, stack(0x000000b7b5000000,0x000000b7b5100000)]
  0x0000024b9da7c430 JavaThread "Asynchronous log dispatcher for DefaultDaemonConnection: socket connection from /127.0.0.1:21963 to /127.0.0.1:51517" [_thread_blocked, id=22596, stack(0x000000b7b5100000,0x000000b7b5200000)]
  0x0000024bbe16e0f0 JavaThread "Stdin handler" [_thread_blocked, id=24660, stack(0x000000b7b5200000,0x000000b7b5300000)]
  0x0000024bbe16e5c0 JavaThread "Daemon client event forwarder" [_thread_blocked, id=22940, stack(0x000000b7b5300000,0x000000b7b5400000)]
  0x0000024bbe16ea90 JavaThread "Cache worker for journal cache (C:\Users\kush kumar\.gradle\caches\journal-1)" [_thread_blocked, id=23496, stack(0x000000b7b5400000,0x000000b7b5500000)]
  0x0000024bbe16ef60 JavaThread "File lock request listener" [_thread_in_native, id=23336, stack(0x000000b7b5500000,0x000000b7b5600000)]
  0x0000024bbe16f430 JavaThread "Cache worker for file hash cache (C:\Users\kush kumar\.gradle\caches\8.14\fileHashes)" [_thread_blocked, id=10432, stack(0x000000b7b5600000,0x000000b7b5700000)]
  0x0000024bc1357ca0 JavaThread "Cache worker for file hash cache (E:\Downloads\google chrome downloads\connectcall_flutter_app\connectcall\android\.gradle\8.14\fileHashes)" [_thread_blocked, id=23920, stack(0x000000b7b5800000,0x000000b7b5900000)]
  0x0000024bc135a7f0 JavaThread "Cache worker for Build Output Cleanup Cache (E:\Downloads\google chrome downloads\connectcall_flutter_app\connectcall\android\.gradle\buildOutputCleanup)" [_thread_blocked, id=23608, stack(0x000000b7b5900000,0x000000b7b5a00000)]
  0x0000024bc1358b10 JavaThread "File watcher server" daemon [_thread_in_native, id=17652, stack(0x000000b7b5e00000,0x000000b7b5f00000)]
  0x0000024bc135acc0 JavaThread "File watcher consumer" daemon [_thread_blocked, id=12044, stack(0x000000b7b5f00000,0x000000b7b6000000)]
  0x0000024bc0149990 JavaThread "Cache worker for checksums cache (E:\Downloads\google chrome downloads\connectcall_flutter_app\connectcall\android\.gradle\8.14\checksums)" [_thread_blocked, id=19056, stack(0x000000b7b6400000,0x000000b7b6500000)]
  0x0000024bc014a330 JavaThread "Cache worker for file content cache (C:\Users\kush kumar\.gradle\caches\8.14\fileContent)" [_thread_blocked, id=20840, stack(0x000000b7b6500000,0x000000b7b6600000)]
  0x0000024bc0148650 JavaThread "Cache worker for cache directory md-supplier (C:\Users\kush kumar\.gradle\caches\8.14\md-supplier)" [_thread_blocked, id=23796, stack(0x000000b7b6600000,0x000000b7b6700000)]
  0x0000024bc014acd0 JavaThread "Cache worker for cache directory md-rule (C:\Users\kush kumar\.gradle\caches\8.14\md-rule)" [_thread_blocked, id=9672, stack(0x000000b7b6700000,0x000000b7b6800000)]
  0x0000024bc0147cb0 JavaThread "Cache worker for Build Output Cleanup Cache (E:\flutter_sdk\flutter\packages\flutter_tools\gradle\.gradle\buildOutputCleanup)" [_thread_blocked, id=20884, stack(0x000000b7b6900000,0x000000b7b6a00000)]
  0x0000024bc0149e60 JavaThread "Unconstrained build operations" [_thread_blocked, id=26444, stack(0x000000b7b3000000,0x000000b7b3100000)]
  0x0000024bc01477e0 JavaThread "Unconstrained build operations Thread 2" [_thread_blocked, id=10868, stack(0x000000b7b3100000,0x000000b7b3200000)]
  0x0000024bc014b1a0 JavaThread "Unconstrained build operations Thread 3" [_thread_blocked, id=6136, stack(0x000000b7b6800000,0x000000b7b6900000)]
  0x0000024bc014a800 JavaThread "Unconstrained build operations Thread 4" [_thread_blocked, id=17600, stack(0x000000b7b6a00000,0x000000b7b6b00000)]
  0x0000024bc014b670 JavaThread "Unconstrained build operations Thread 5" [_thread_blocked, id=14584, stack(0x000000b7b6b00000,0x000000b7b6c00000)]
  0x0000024bc014bb40 JavaThread "Unconstrained build operations Thread 6" [_thread_blocked, id=11628, stack(0x000000b7b6c00000,0x000000b7b6d00000)]
  0x0000024bc0148180 JavaThread "Unconstrained build operations Thread 7" [_thread_blocked, id=3308, stack(0x000000b7b6d00000,0x000000b7b6e00000)]
  0x0000024bc014e690 JavaThread "Unconstrained build operations Thread 8" [_thread_blocked, id=9252, stack(0x000000b7b6e00000,0x000000b7b6f00000)]
  0x0000024bc014eb60 JavaThread "Unconstrained build operations Thread 9" [_thread_blocked, id=20968, stack(0x000000b7b6f00000,0x000000b7b7000000)]
  0x0000024bc014dcf0 JavaThread "Unconstrained build operations Thread 10" [_thread_blocked, id=26260, stack(0x000000b7b7000000,0x000000b7b7100000)]
  0x0000024bc014f030 JavaThread "Unconstrained build operations Thread 11" [_thread_blocked, id=23344, stack(0x000000b7b7100000,0x000000b7b7200000)]
  0x0000024bc014e1c0 JavaThread "Unconstrained build operations Thread 12" [_thread_blocked, id=14056, stack(0x000000b7b7200000,0x000000b7b7300000)]
  0x0000024bc014c010 JavaThread "Unconstrained build operations Thread 13" [_thread_blocked, id=27032, stack(0x000000b7b7300000,0x000000b7b7400000)]
  0x0000024bc014c4e0 JavaThread "Unconstrained build operations Thread 14" [_thread_blocked, id=16784, stack(0x000000b7b7400000,0x000000b7b7500000)]
  0x0000024bc014d820 JavaThread "Unconstrained build operations Thread 15" [_thread_blocked, id=23892, stack(0x000000b7b7600000,0x000000b7b7700000)]
  0x0000024bc014c9b0 JavaThread "Unconstrained build operations Thread 16" [_thread_blocked, id=8796, stack(0x000000b7b7700000,0x000000b7b7800000)]
  0x0000024bc014ce80 JavaThread "Unconstrained build operations Thread 17" [_thread_blocked, id=5212, stack(0x000000b7b7800000,0x000000b7b7900000)]
  0x0000024bc014d350 JavaThread "Unconstrained build operations Thread 18" [_thread_blocked, id=25064, stack(0x000000b7b7900000,0x000000b7b7a00000)]
  0x0000024bc135d340 JavaThread "Unconstrained build operations Thread 19" [_thread_blocked, id=23656, stack(0x000000b7b7a00000,0x000000b7b7b00000)]
  0x0000024bc19e4f10 JavaThread "Unconstrained build operations Thread 20" [_thread_blocked, id=3584, stack(0x000000b7b7b00000,0x000000b7b7c00000)]
  0x0000024bc19e4570 JavaThread "Unconstrained build operations Thread 21" [_thread_blocked, id=24716, stack(0x000000b7b7c00000,0x000000b7b7d00000)]
  0x0000024bc19e4a40 JavaThread "Memory manager" [_thread_blocked, id=25160, stack(0x000000b7b7d00000,0x000000b7b7e00000)]
  0x0000024bc19e53e0 JavaThread "build event listener" [_thread_blocked, id=23020, stack(0x000000b7b7500000,0x000000b7b7600000)]
  0x0000024bc19e23c0 JavaThread "included builds" [_thread_blocked, id=11192, stack(0x000000b7b7f00000,0x000000b7b8000000)]
  0x0000024bc19e6720 JavaThread "Execution worker" [_thread_blocked, id=25512, stack(0x000000b7b8000000,0x000000b7b8100000)]
  0x0000024bc19e6250 JavaThread "Execution worker Thread 2" [_thread_blocked, id=10824, stack(0x000000b7b8100000,0x000000b7b8200000)]
  0x0000024bc19e6bf0 JavaThread "Execution worker Thread 3" [_thread_blocked, id=3444, stack(0x000000b7b8200000,0x000000b7b8300000)]
  0x0000024bc19e3230 JavaThread "Execution worker Thread 4" [_thread_blocked, id=9064, stack(0x000000b7b8300000,0x000000b7b8400000)]
  0x0000024bc19e70c0 JavaThread "Execution worker Thread 5" [_thread_blocked, id=13616, stack(0x000000b7b8400000,0x000000b7b8500000)]
  0x0000024bc19e3700 JavaThread "Execution worker Thread 6" [_thread_blocked, id=19528, stack(0x000000b7b8500000,0x000000b7b8600000)]
  0x0000024bc19e7590 JavaThread "Execution worker Thread 7" [_thread_blocked, id=7648, stack(0x000000b7b8600000,0x000000b7b8700000)]
  0x0000024bc19e3bd0 JavaThread "Cache worker for execution history cache (E:\flutter_sdk\flutter\packages\flutter_tools\gradle\.gradle\8.14\executionHistory)" [_thread_blocked, id=23072, stack(0x000000b7b8700000,0x000000b7b8800000)]
  0x0000024bc19e40a0 JavaThread "Unconstrained build operations Thread 22" [_thread_blocked, id=26048, stack(0x000000b7b8800000,0x000000b7b8900000)]
  0x0000024bc19e7f30 JavaThread "Unconstrained build operations Thread 23" [_thread_blocked, id=18080, stack(0x000000b7b8900000,0x000000b7b8a00000)]
  0x0000024bc19e8400 JavaThread "Unconstrained build operations Thread 24" [_thread_blocked, id=4812, stack(0x000000b7b8a00000,0x000000b7b8b00000)]
  0x0000024bc19e9c10 JavaThread "Unconstrained build operations Thread 25" [_thread_blocked, id=23984, stack(0x000000b7b8b00000,0x000000b7b8c00000)]
  0x0000024bc19e88d0 JavaThread "Unconstrained build operations Thread 26" [_thread_blocked, id=15980, stack(0x000000b7b8c00000,0x000000b7b8d00000)]
  0x0000024bc19e8da0 JavaThread "Unconstrained build operations Thread 27" [_thread_blocked, id=3496, stack(0x000000b7b8d00000,0x000000b7b8e00000)]
  0x0000024bc19e9270 JavaThread "Unconstrained build operations Thread 28" [_thread_blocked, id=27492, stack(0x000000b7b8e00000,0x000000b7b8f00000)]
  0x0000024bc19e9740 JavaThread "Unconstrained build operations Thread 29" [_thread_blocked, id=2536, stack(0x000000b7b7e00000,0x000000b7b7f00000)]
  0x0000024b9dbc73f0 JavaThread "Unconstrained build operations Thread 30" [_thread_blocked, id=3448, stack(0x000000b7b8f00000,0x000000b7b9000000)]
  0x0000024b9dbc8260 JavaThread "Unconstrained build operations Thread 31" [_thread_blocked, id=13104, stack(0x000000b7b9000000,0x000000b7b9100000)]
  0x0000024b9dbc78c0 JavaThread "Unconstrained build operations Thread 32" [_thread_blocked, id=22624, stack(0x000000b7b9100000,0x000000b7b9200000)]
  0x0000024b9dbca410 JavaThread "Unconstrained build operations Thread 33" [_thread_blocked, id=24068, stack(0x000000b7b9200000,0x000000b7b9300000)]
  0x0000024b9dbc7d90 JavaThread "Unconstrained build operations Thread 34" [_thread_blocked, id=13736, stack(0x000000b7b9300000,0x000000b7b9400000)]
  0x0000024b9dbc8730 JavaThread "Unconstrained build operations Thread 35" [_thread_blocked, id=1404, stack(0x000000b7b9400000,0x000000b7b9500000)]
  0x0000024b9dbc8c00 JavaThread "Unconstrained build operations Thread 36" [_thread_blocked, id=26660, stack(0x000000b7b9500000,0x000000b7b9600000)]
  0x0000024b9dbc6f20 JavaThread "Unconstrained build operations Thread 37" [_thread_blocked, id=11796, stack(0x000000b7b9600000,0x000000b7b9700000)]
  0x0000024b9dbc90d0 JavaThread "Unconstrained build operations Thread 38" [_thread_blocked, id=17908, stack(0x000000b7b9700000,0x000000b7b9800000)]
  0x0000024b9dbcc0f0 JavaThread "Unconstrained build operations Thread 39" [_thread_blocked, id=25048, stack(0x000000b7b9800000,0x000000b7b9900000)]
  0x0000024b9dbca8e0 JavaThread "Unconstrained build operations Thread 40" [_thread_blocked, id=9612, stack(0x000000b7b9900000,0x000000b7b9a00000)]
  0x0000024b9dbcc5c0 JavaThread "Unconstrained build operations Thread 41" [_thread_blocked, id=14488, stack(0x000000b7b9a00000,0x000000b7b9b00000)]
  0x0000024b9dbcbc20 JavaThread "Unconstrained build operations Thread 42" [_thread_blocked, id=12060, stack(0x000000b7b9b00000,0x000000b7b9c00000)]
  0x0000024b9dbcca90 JavaThread "Unconstrained build operations Thread 43" [_thread_blocked, id=14812, stack(0x000000b7b9c00000,0x000000b7b9d00000)]
  0x0000024b9dbcb280 JavaThread "Unconstrained build operations Thread 44" [_thread_blocked, id=27500, stack(0x000000b7b9d00000,0x000000b7b9e00000)]
  0x0000024b9dbc9a70 JavaThread "Unconstrained build operations Thread 45" [_thread_blocked, id=15260, stack(0x000000b7b9e00000,0x000000b7b9f00000)]
  0x0000024b9dbcb750 JavaThread "Unconstrained build operations Thread 46" [_thread_blocked, id=2944, stack(0x000000b7b9f00000,0x000000b7ba000000)]
  0x0000024b9dbccf60 JavaThread "Unconstrained build operations Thread 47" [_thread_blocked, id=23756, stack(0x000000b7ba000000,0x000000b7ba100000)]
  0x0000024b9dbc95a0 JavaThread "Unconstrained build operations Thread 48" [_thread_blocked, id=8552, stack(0x000000b7ba100000,0x000000b7ba200000)]
  0x0000024b9dbcd430 JavaThread "Unconstrained build operations Thread 49" [_thread_blocked, id=20412, stack(0x000000b7ba200000,0x000000b7ba300000)]
  0x0000024b9dbcd900 JavaThread "Unconstrained build operations Thread 50" [_thread_blocked, id=2616, stack(0x000000b7ba300000,0x000000b7ba400000)]
  0x0000024b9dbc9f40 JavaThread "Unconstrained build operations Thread 51" [_thread_blocked, id=24856, stack(0x000000b7ba400000,0x000000b7ba500000)]
  0x0000024b9dbcddd0 JavaThread "Unconstrained build operations Thread 52" [_thread_blocked, id=26924, stack(0x000000b7ba600000,0x000000b7ba700000)]
  0x0000024b9dbce2a0 JavaThread "Unconstrained build operations Thread 53" [_thread_blocked, id=17076, stack(0x000000b7ba700000,0x000000b7ba800000)]
  0x0000024b9dbce770 JavaThread "Unconstrained build operations Thread 54" [_thread_blocked, id=21216, stack(0x000000b7ba800000,0x000000b7ba900000)]
  0x0000024bca090c50 JavaThread "Unconstrained build operations Thread 55" [_thread_blocked, id=24748, stack(0x000000b7ba900000,0x000000b7baa00000)]
  0x0000024bca090780 JavaThread "Unconstrained build operations Thread 56" [_thread_blocked, id=10096, stack(0x000000b7baa00000,0x000000b7bab00000)]
  0x0000024bca0902b0 JavaThread "Unconstrained build operations Thread 57" [_thread_blocked, id=19736, stack(0x000000b7bab00000,0x000000b7bac00000)]
  0x0000024bca091120 JavaThread "Unconstrained build operations Thread 58" [_thread_blocked, id=20020, stack(0x000000b7bac00000,0x000000b7bad00000)]
  0x0000024bca0915f0 JavaThread "Unconstrained build operations Thread 59" [_thread_blocked, id=26560, stack(0x000000b7bad00000,0x000000b7bae00000)]
  0x0000024bca08f440 JavaThread "Unconstrained build operations Thread 60" [_thread_blocked, id=18880, stack(0x000000b7bae00000,0x000000b7baf00000)]
  0x0000024bca092460 JavaThread "Unconstrained build operations Thread 61" [_thread_blocked, id=2828, stack(0x000000b7baf00000,0x000000b7bb000000)]
  0x0000024bca091ac0 JavaThread "Unconstrained build operations Thread 62" [_thread_blocked, id=17148, stack(0x000000b7bb000000,0x000000b7bb100000)]
  0x0000024bca092930 JavaThread "Unconstrained build operations Thread 63" [_thread_blocked, id=21376, stack(0x000000b7bb100000,0x000000b7bb200000)]
  0x0000024bca091f90 JavaThread "Unconstrained build operations Thread 64" [_thread_blocked, id=11228, stack(0x000000b7bb200000,0x000000b7bb300000)]
  0x0000024bca092e00 JavaThread "Unconstrained build operations Thread 65" [_thread_blocked, id=16416, stack(0x000000b7bb300000,0x000000b7bb400000)]
  0x0000024bca093c70 JavaThread "Kotlin DSL Writer" [_thread_blocked, id=17212, stack(0x000000b7ba500000,0x000000b7ba600000)]
  0x0000024bcb4f9560 JavaThread "C2 CompilerThread1" daemon [_thread_in_native, id=6928, stack(0x000000b7bb400000,0x000000b7bb500000)]
  0x0000024bcb4f8120 JavaThread "C2 CompilerThread2" daemon [_thread_blocked, id=11312, stack(0x000000b7bb600000,0x000000b7bb700000)]

Other Threads:
  0x0000024bff9f17d0 VMThread "VM Thread" [stack: 0x000000b7b3900000,0x000000b7b3a00000] [id=20832]
  0x0000024b9dbc6c40 WatcherThread [stack: 0x000000b7b4500000,0x000000b7b4600000] [id=14040]
  0x0000024bfdfe7830 GCTaskThread "GC Thread#0" [stack: 0x000000b7b3400000,0x000000b7b3500000] [id=7604]
  0x0000024b9dc09010 GCTaskThread "GC Thread#1" [stack: 0x000000b7b4700000,0x000000b7b4800000] [id=12664]
  0x0000024b9db3eda0 GCTaskThread "GC Thread#2" [stack: 0x000000b7b4800000,0x000000b7b4900000] [id=23824]
  0x0000024bbd018870 GCTaskThread "GC Thread#3" [stack: 0x000000b7b4900000,0x000000b7b4a00000] [id=14600]
  0x0000024bbd018b30 GCTaskThread "GC Thread#4" [stack: 0x000000b7b4a00000,0x000000b7b4b00000] [id=26856]
  0x0000024bbfb7d020 GCTaskThread "GC Thread#5" [stack: 0x000000b7b5a00000,0x000000b7b5b00000] [id=14304]
  0x0000024bc072bd90 GCTaskThread "GC Thread#6" [stack: 0x000000b7b5b00000,0x000000b7b5c00000] [id=14744]
  0x0000024bc0884880 GCTaskThread "GC Thread#7" [stack: 0x000000b7b5c00000,0x000000b7b5d00000] [id=26604]
  0x0000024bfdff8690 ConcurrentGCThread "G1 Main Marker" [stack: 0x000000b7b3500000,0x000000b7b3600000] [id=25804]
  0x0000024bfdff9c80 ConcurrentGCThread "G1 Conc#0" [stack: 0x000000b7b3600000,0x000000b7b3700000] [id=20116]
  0x0000024bc08850c0 ConcurrentGCThread "G1 Conc#1" [stack: 0x000000b7b5d00000,0x000000b7b5e00000] [id=19360]
  0x0000024bff894170 ConcurrentGCThread "G1 Refine#0" [stack: 0x000000b7b3700000,0x000000b7b3800000] [id=22424]
  0x0000024bbef9df10 ConcurrentGCThread "G1 Refine#1" [stack: 0x000000b7b6100000,0x000000b7b6200000] [id=9940]
  0x0000024bbef9e7e0 ConcurrentGCThread "G1 Refine#2" [stack: 0x000000b7b6200000,0x000000b7b6300000] [id=3428]
  0x0000024bbef9f690 ConcurrentGCThread "G1 Refine#3" [stack: 0x000000b7b6300000,0x000000b7b6400000] [id=8916]
  0x0000024bbef9dc20 ConcurrentGCThread "G1 Refine#4" [stack: 0x000000b7bb500000,0x000000b7bb600000] [id=9972]
  0x0000024bff894ab0 ConcurrentGCThread "G1 Service" [stack: 0x000000b7b3800000,0x000000b7b3900000] [id=27204]

Threads with active compile tasks:
C2 CompilerThread0   103338 16356       4       javax.management.ObjectName::construct (1135 bytes)
C2 CompilerThread1   103338 16388       4       org.jetbrains.kotlin.metadata.ProtoBuf$Function::writeTo (448 bytes)

VM state: not at safepoint (normal execution)

VM Mutex/Monitor currently owned by a thread: None

Heap address: 0x0000000080000000, size: 2048 MB, Compressed Oops mode: 32-bit

CDS archive(s) mapped at: [0x0000024b9e000000-0x0000024b9ebd0000-0x0000024b9ebd0000), size 12386304, SharedBaseAddress: 0x0000024b9e000000, ArchiveRelocationMode: 1.
Compressed class space mapped at: 0x0000024b9f000000-0x0000024bb9000000, reserved size: 436207616
Narrow klass base: 0x0000024b9e000000, Narrow klass shift: 0, Narrow klass range: 0x100000000

GC Precious Log:
 CPUs: 8 total, 8 available
 Memory: 15647M
 Large Page Support: Disabled
 NUMA Support: Disabled
 Compressed Oops: Enabled (32-bit)
 Heap Region Size: 1M
 Heap Min Capacity: 8M
 Heap Initial Capacity: 246M
 Heap Max Capacity: 2G
 Pre-touch: Disabled
 Parallel Workers: 8
 Concurrent Workers: 2
 Concurrent Refinement Workers: 8
 Periodic GC: Disabled

Heap:
 garbage-first heap   total 531456K, used 363886K [0x0000000080000000, 0x0000000100000000)
  region size 1024K, 188 young (192512K), 14 survivors (14336K)
 Metaspace       used 140528K, committed 141376K, reserved 557056K
  class space    used 18303K, committed 18688K, reserved 425984K

Heap Regions: E=young(eden), S=young(survivor), O=old, HS=humongous(starts), HC=humongous(continues), CS=collection set, F=free, OA=open archive, CA=closed archive, TAMS=top-at-mark-start (previous, next)
|   0|0x0000000080000000, 0x0000000080100000, 0x0000000080100000|100%|HS|  |TAMS 0x0000000080100000, 0x0000000080000000| Complete 
|   1|0x0000000080100000, 0x0000000080200000, 0x0000000080200000|100%|HC|  |TAMS 0x0000000080200000, 0x0000000080100000| Complete 
|   2|0x0000000080200000, 0x0000000080300000, 0x0000000080300000|100%|HC|  |TAMS 0x0000000080300000, 0x0000000080200000| Complete 
|   3|0x0000000080300000, 0x0000000080400000, 0x0000000080400000|100%| O|  |TAMS 0x0000000080400000, 0x0000000080300000| Untracked 
|   4|0x0000000080400000, 0x0000000080500000, 0x0000000080500000|100%| O|  |TAMS 0x0000000080500000, 0x0000000080400000| Untracked 
|   5|0x0000000080500000, 0x0000000080600000, 0x0000000080600000|100%| O|  |TAMS 0x0000000080600000, 0x0000000080500000| Untracked 
|   6|0x0000000080600000, 0x0000000080700000, 0x0000000080700000|100%|HS|  |TAMS 0x0000000080700000, 0x0000000080600000| Complete 
|   7|0x0000000080700000, 0x0000000080800000, 0x0000000080800000|100%| O|  |TAMS 0x0000000080800000, 0x0000000080700000| Untracked 
|   8|0x0000000080800000, 0x0000000080900000, 0x0000000080900000|100%| O|  |TAMS 0x0000000080900000, 0x0000000080800000| Untracked 
|   9|0x0000000080900000, 0x0000000080a00000, 0x0000000080a00000|100%| O|  |TAMS 0x0000000080a00000, 0x0000000080900000| Untracked 
|  10|0x0000000080a00000, 0x0000000080b00000, 0x0000000080b00000|100%| O|  |TAMS 0x0000000080b00000, 0x0000000080a00000| Untracked 
|  11|0x0000000080b00000, 0x0000000080c00000, 0x0000000080c00000|100%| O|  |TAMS 0x0000000080c00000, 0x0000000080b00000| Untracked 
|  12|0x0000000080c00000, 0x0000000080d00000, 0x0000000080d00000|100%| O|  |TAMS 0x0000000080d00000, 0x0000000080c00000| Untracked 
|  13|0x0000000080d00000, 0x0000000080e00000, 0x0000000080e00000|100%| O|  |TAMS 0x0000000080e00000, 0x0000000080d00000| Untracked 
|  14|0x0000000080e00000, 0x0000000080f00000, 0x0000000080f00000|100%| O|  |TAMS 0x0000000080f00000, 0x0000000080e00000| Untracked 
|  15|0x0000000080f00000, 0x0000000081000000, 0x0000000081000000|100%| O|  |TAMS 0x0000000081000000, 0x0000000080f00000| Untracked 
|  16|0x0000000081000000, 0x0000000081100000, 0x0000000081100000|100%| O|  |TAMS 0x0000000081100000, 0x0000000081000000| Untracked 
|  17|0x0000000081100000, 0x0000000081200000, 0x0000000081200000|100%| O|  |TAMS 0x0000000081200000, 0x0000000081100000| Untracked 
|  18|0x0000000081200000, 0x0000000081300000, 0x0000000081300000|100%| O|  |TAMS 0x0000000081300000, 0x0000000081200000| Untracked 
|  19|0x0000000081300000, 0x0000000081400000, 0x0000000081400000|100%| O|  |TAMS 0x0000000081400000, 0x0000000081300000| Untracked 
|  20|0x0000000081400000, 0x0000000081500000, 0x0000000081500000|100%| O|  |TAMS 0x0000000081500000, 0x0000000081400000| Untracked 
|  21|0x0000000081500000, 0x0000000081600000, 0x0000000081600000|100%| O|  |TAMS 0x0000000081600000, 0x0000000081500000| Untracked 
|  22|0x0000000081600000, 0x0000000081700000, 0x0000000081700000|100%| O|  |TAMS 0x0000000081700000, 0x0000000081600000| Untracked 
|  23|0x0000000081700000, 0x0000000081800000, 0x0000000081800000|100%| O|  |TAMS 0x0000000081800000, 0x0000000081700000| Untracked 
|  24|0x0000000081800000, 0x0000000081900000, 0x0000000081900000|100%| O|  |TAMS 0x0000000081900000, 0x0000000081800000| Untracked 
|  25|0x0000000081900000, 0x0000000081a00000, 0x0000000081a00000|100%| O|  |TAMS 0x0000000081a00000, 0x0000000081900000| Untracked 
|  26|0x0000000081a00000, 0x0000000081b00000, 0x0000000081b00000|100%| O|  |TAMS 0x0000000081a00000, 0x0000000081a00000| Untracked 
|  27|0x0000000081b00000, 0x0000000081c00000, 0x0000000081c00000|100%| O|  |TAMS 0x0000000081b00000, 0x0000000081b00000| Untracked 
|  28|0x0000000081c00000, 0x0000000081d00000, 0x0000000081d00000|100%| O|  |TAMS 0x0000000081d00000, 0x0000000081c00000| Untracked 
|  29|0x0000000081d00000, 0x0000000081e00000, 0x0000000081e00000|100%| O|  |TAMS 0x0000000081e00000, 0x0000000081d00000| Untracked 
|  30|0x0000000081e00000, 0x0000000081f00000, 0x0000000081f00000|100%| O|  |TAMS 0x0000000081f00000, 0x0000000081e00000| Untracked 
|  31|0x0000000081f00000, 0x0000000082000000, 0x0000000082000000|100%| O|  |TAMS 0x0000000082000000, 0x0000000081f00000| Untracked 
|  32|0x0000000082000000, 0x0000000082100000, 0x0000000082100000|100%| O|  |TAMS 0x0000000082100000, 0x0000000082000000| Untracked 
|  33|0x0000000082100000, 0x0000000082200000, 0x0000000082200000|100%| O|  |TAMS 0x0000000082200000, 0x0000000082100000| Untracked 
|  34|0x0000000082200000, 0x0000000082300000, 0x0000000082300000|100%| O|  |TAMS 0x0000000082300000, 0x0000000082200000| Untracked 
|  35|0x0000000082300000, 0x0000000082400000, 0x0000000082400000|100%| O|  |TAMS 0x0000000082400000, 0x0000000082300000| Untracked 
|  36|0x0000000082400000, 0x0000000082500000, 0x0000000082500000|100%| O|  |TAMS 0x0000000082500000, 0x0000000082400000| Untracked 
|  37|0x0000000082500000, 0x0000000082600000, 0x0000000082600000|100%| O|  |TAMS 0x0000000082500000, 0x0000000082500000| Untracked 
|  38|0x0000000082600000, 0x0000000082700000, 0x0000000082700000|100%| O|  |TAMS 0x0000000082700000, 0x0000000082600000| Untracked 
|  39|0x0000000082700000, 0x0000000082800000, 0x0000000082800000|100%| O|  |TAMS 0x0000000082800000, 0x0000000082700000| Untracked 
|  40|0x0000000082800000, 0x0000000082900000, 0x0000000082900000|100%| O|  |TAMS 0x0000000082900000, 0x0000000082800000| Untracked 
|  41|0x0000000082900000, 0x0000000082a00000, 0x0000000082a00000|100%| O|  |TAMS 0x0000000082a00000, 0x0000000082900000| Untracked 
|  42|0x0000000082a00000, 0x0000000082b00000, 0x0000000082b00000|100%| O|  |TAMS 0x0000000082b00000, 0x0000000082a00000| Untracked 
|  43|0x0000000082b00000, 0x0000000082c00000, 0x0000000082c00000|100%| O|  |TAMS 0x0000000082c00000, 0x0000000082b00000| Untracked 
|  44|0x0000000082c00000, 0x0000000082d00000, 0x0000000082d00000|100%| O|  |TAMS 0x0000000082d00000, 0x0000000082c00000| Untracked 
|  45|0x0000000082d00000, 0x0000000082e00000, 0x0000000082e00000|100%| O|  |TAMS 0x0000000082e00000, 0x0000000082d00000| Untracked 
|  46|0x0000000082e00000, 0x0000000082f00000, 0x0000000082f00000|100%| O|  |TAMS 0x0000000082f00000, 0x0000000082e00000| Untracked 
|  47|0x0000000082f00000, 0x0000000083000000, 0x0000000083000000|100%| O|  |TAMS 0x0000000083000000, 0x0000000082f00000| Untracked 
|  48|0x0000000083000000, 0x0000000083100000, 0x0000000083100000|100%| O|  |TAMS 0x0000000083100000, 0x0000000083000000| Untracked 
|  49|0x0000000083100000, 0x0000000083200000, 0x0000000083200000|100%| O|  |TAMS 0x0000000083100000, 0x0000000083100000| Untracked 
|  50|0x0000000083200000, 0x0000000083300000, 0x0000000083300000|100%| O|  |TAMS 0x0000000083300000, 0x0000000083200000| Untracked 
|  51|0x0000000083300000, 0x0000000083400000, 0x0000000083400000|100%| O|  |TAMS 0x0000000083400000, 0x0000000083300000| Untracked 
|  52|0x0000000083400000, 0x0000000083500000, 0x0000000083500000|100%| O|  |TAMS 0x0000000083500000, 0x0000000083400000| Untracked 
|  53|0x0000000083500000, 0x0000000083600000, 0x0000000083600000|100%| O|  |TAMS 0x0000000083600000, 0x0000000083500000| Untracked 
|  54|0x0000000083600000, 0x0000000083700000, 0x0000000083700000|100%| O|  |TAMS 0x0000000083700000, 0x0000000083600000| Untracked 
|  55|0x0000000083700000, 0x0000000083800000, 0x0000000083800000|100%| O|  |TAMS 0x0000000083800000, 0x0000000083700000| Untracked 
|  56|0x0000000083800000, 0x0000000083900000, 0x0000000083900000|100%| O|  |TAMS 0x0000000083900000, 0x0000000083800000| Untracked 
|  57|0x0000000083900000, 0x0000000083a00000, 0x0000000083a00000|100%| O|  |TAMS 0x0000000083900000, 0x0000000083900000| Untracked 
|  58|0x0000000083a00000, 0x0000000083b00000, 0x0000000083b00000|100%| O|  |TAMS 0x0000000083a00000, 0x0000000083a00000| Untracked 
|  59|0x0000000083b00000, 0x0000000083c00000, 0x0000000083c00000|100%|HS|  |TAMS 0x0000000083b00000, 0x0000000083b00000| Complete 
|  60|0x0000000083c00000, 0x0000000083d00000, 0x0000000083d00000|100%| O|  |TAMS 0x0000000083d00000, 0x0000000083c00000| Untracked 
|  61|0x0000000083d00000, 0x0000000083e00000, 0x0000000083e00000|100%|HS|  |TAMS 0x0000000083e00000, 0x0000000083d00000| Complete 
|  62|0x0000000083e00000, 0x0000000083f00000, 0x0000000083f00000|100%|HC|  |TAMS 0x0000000083f00000, 0x0000000083e00000| Complete 
|  63|0x0000000083f00000, 0x0000000084000000, 0x0000000084000000|100%|HS|  |TAMS 0x0000000084000000, 0x0000000083f00000| Complete 
|  64|0x0000000084000000, 0x0000000084100000, 0x0000000084100000|100%|HC|  |TAMS 0x0000000084100000, 0x0000000084000000| Complete 
|  65|0x0000000084100000, 0x0000000084200000, 0x0000000084200000|100%| O|  |TAMS 0x0000000084200000, 0x0000000084100000| Untracked 
|  66|0x0000000084200000, 0x0000000084300000, 0x0000000084300000|100%|HS|  |TAMS 0x0000000084300000, 0x0000000084200000| Complete 
|  67|0x0000000084300000, 0x0000000084400000, 0x0000000084400000|100%|HC|  |TAMS 0x0000000084400000, 0x0000000084300000| Complete 
|  68|0x0000000084400000, 0x0000000084500000, 0x0000000084500000|100%|HC|  |TAMS 0x0000000084500000, 0x0000000084400000| Complete 
|  69|0x0000000084500000, 0x0000000084600000, 0x0000000084600000|100%| O|  |TAMS 0x0000000084600000, 0x0000000084500000| Untracked 
|  70|0x0000000084600000, 0x0000000084700000, 0x0000000084700000|100%| O|  |TAMS 0x0000000084700000, 0x0000000084600000| Untracked 
|  71|0x0000000084700000, 0x0000000084800000, 0x0000000084800000|100%| O|  |TAMS 0x0000000084800000, 0x0000000084700000| Untracked 
|  72|0x0000000084800000, 0x0000000084900000, 0x0000000084900000|100%| O|  |TAMS 0x0000000084900000, 0x0000000084800000| Untracked 
|  73|0x0000000084900000, 0x0000000084a00000, 0x0000000084a00000|100%| O|  |TAMS 0x0000000084a00000, 0x0000000084900000| Untracked 
|  74|0x0000000084a00000, 0x0000000084b00000, 0x0000000084b00000|100%|HS|  |TAMS 0x0000000084a00000, 0x0000000084a00000| Complete 
|  75|0x0000000084b00000, 0x0000000084c00000, 0x0000000084c00000|100%| O|  |TAMS 0x0000000084c00000, 0x0000000084b00000| Untracked 
|  76|0x0000000084c00000, 0x0000000084d00000, 0x0000000084d00000|100%| O|  |TAMS 0x0000000084d00000, 0x0000000084c00000| Untracked 
|  77|0x0000000084d00000, 0x0000000084e00000, 0x0000000084e00000|100%| O|  |TAMS 0x0000000084e00000, 0x0000000084d00000| Untracked 
|  78|0x0000000084e00000, 0x0000000084f00000, 0x0000000084f00000|100%|HS|  |TAMS 0x0000000084e00000, 0x0000000084e00000| Complete 
|  79|0x0000000084f00000, 0x0000000085000000, 0x0000000085000000|100%| O|  |TAMS 0x0000000085000000, 0x0000000084f00000| Untracked 
|  80|0x0000000085000000, 0x0000000085100000, 0x0000000085100000|100%| O|  |TAMS 0x0000000085100000, 0x0000000085000000| Untracked 
|  81|0x0000000085100000, 0x0000000085200000, 0x0000000085200000|100%| O|  |TAMS 0x0000000085200000, 0x0000000085100000| Untracked 
|  82|0x0000000085200000, 0x0000000085300000, 0x0000000085300000|100%| O|  |TAMS 0x0000000085300000, 0x0000000085200000| Untracked 
|  83|0x0000000085300000, 0x0000000085400000, 0x0000000085400000|100%| O|  |TAMS 0x0000000085400000, 0x0000000085300000| Untracked 
|  84|0x0000000085400000, 0x0000000085500000, 0x0000000085500000|100%|HS|  |TAMS 0x0000000085400000, 0x0000000085400000| Complete 
|  85|0x0000000085500000, 0x0000000085600000, 0x0000000085600000|100%| O|  |TAMS 0x0000000085600000, 0x0000000085500000| Untracked 
|  86|0x0000000085600000, 0x0000000085700000, 0x0000000085700000|100%| O|  |TAMS 0x0000000085700000, 0x0000000085600000| Untracked 
|  87|0x0000000085700000, 0x0000000085800000, 0x0000000085800000|100%| O|  |TAMS 0x0000000085800000, 0x0000000085700000| Untracked 
|  88|0x0000000085800000, 0x0000000085900000, 0x0000000085900000|100%|HS|  |TAMS 0x0000000085800000, 0x0000000085800000| Complete 
|  89|0x0000000085900000, 0x0000000085a00000, 0x0000000085a00000|100%|HC|  |TAMS 0x0000000085900000, 0x0000000085900000| Complete 
|  90|0x0000000085a00000, 0x0000000085b00000, 0x0000000085b00000|100%|HS|  |TAMS 0x0000000085a00000, 0x0000000085a00000| Complete 
|  91|0x0000000085b00000, 0x0000000085c00000, 0x0000000085c00000|100%|HS|  |TAMS 0x0000000085b00000, 0x0000000085b00000| Complete 
|  92|0x0000000085c00000, 0x0000000085d00000, 0x0000000085d00000|100%| O|  |TAMS 0x0000000085d00000, 0x0000000085c00000| Untracked 
|  93|0x0000000085d00000, 0x0000000085e00000, 0x0000000085e00000|100%|HS|  |TAMS 0x0000000085e00000, 0x0000000085d00000| Complete 
|  94|0x0000000085e00000, 0x0000000085f00000, 0x0000000085f00000|100%|HC|  |TAMS 0x0000000085f00000, 0x0000000085e00000| Complete 
|  95|0x0000000085f00000, 0x0000000086000000, 0x0000000086000000|100%|HC|  |TAMS 0x0000000086000000, 0x0000000085f00000| Complete 
|  96|0x0000000086000000, 0x0000000086100000, 0x0000000086100000|100%| O|  |TAMS 0x0000000086100000, 0x0000000086000000| Untracked 
|  97|0x0000000086100000, 0x0000000086200000, 0x0000000086200000|100%| O|  |TAMS 0x0000000086200000, 0x0000000086100000| Untracked 
|  98|0x0000000086200000, 0x0000000086300000, 0x0000000086300000|100%|HS|  |TAMS 0x0000000086200000, 0x0000000086200000| Complete 
|  99|0x0000000086300000, 0x0000000086400000, 0x0000000086400000|100%| O|  |TAMS 0x0000000086400000, 0x0000000086300000| Untracked 
| 100|0x0000000086400000, 0x0000000086500000, 0x0000000086500000|100%|HS|  |TAMS 0x0000000086400000, 0x0000000086400000| Complete 
| 101|0x0000000086500000, 0x0000000086600000, 0x0000000086600000|100%|HS|  |TAMS 0x0000000086500000, 0x0000000086500000| Complete 
| 102|0x0000000086600000, 0x0000000086600000, 0x0000000086700000|  0%| F|  |TAMS 0x0000000086600000, 0x0000000086600000| Untracked 
| 103|0x0000000086700000, 0x0000000086800000, 0x0000000086800000|100%| O|  |TAMS 0x0000000086800000, 0x0000000086700000| Untracked 
| 104|0x0000000086800000, 0x0000000086900000, 0x0000000086900000|100%| O|  |TAMS 0x0000000086900000, 0x0000000086800000| Untracked 
| 105|0x0000000086900000, 0x0000000086a00000, 0x0000000086a00000|100%| O|  |TAMS 0x0000000086a00000, 0x0000000086900000| Untracked 
| 106|0x0000000086a00000, 0x0000000086b00000, 0x0000000086b00000|100%| O|  |TAMS 0x0000000086b00000, 0x0000000086a00000| Untracked 
| 107|0x0000000086b00000, 0x0000000086b00000, 0x0000000086c00000|  0%| F|  |TAMS 0x0000000086b00000, 0x0000000086b00000| Untracked 
| 108|0x0000000086c00000, 0x0000000086d00000, 0x0000000086d00000|100%| O|  |TAMS 0x0000000086c00000, 0x0000000086c00000| Untracked 
| 109|0x0000000086d00000, 0x0000000086e00000, 0x0000000086e00000|100%| O|  |TAMS 0x0000000086d00000, 0x0000000086d00000| Untracked 
| 110|0x0000000086e00000, 0x0000000086f00000, 0x0000000086f00000|100%| O|  |TAMS 0x0000000086f00000, 0x0000000086e00000| Untracked 
| 111|0x0000000086f00000, 0x0000000087000000, 0x0000000087000000|100%| O|  |TAMS 0x0000000087000000, 0x0000000086f00000| Untracked 
| 112|0x0000000087000000, 0x0000000087000000, 0x0000000087100000|  0%| F|  |TAMS 0x0000000087000000, 0x0000000087000000| Untracked 
| 113|0x0000000087100000, 0x0000000087100000, 0x0000000087200000|  0%| F|  |TAMS 0x0000000087100000, 0x0000000087100000| Untracked 
| 114|0x0000000087200000, 0x0000000087200000, 0x0000000087300000|  0%| F|  |TAMS 0x0000000087200000, 0x0000000087200000| Untracked 
| 115|0x0000000087300000, 0x0000000087400000, 0x0000000087400000|100%| O|  |TAMS 0x0000000087400000, 0x0000000087300000| Untracked 
| 116|0x0000000087400000, 0x0000000087500000, 0x0000000087500000|100%| O|  |TAMS 0x0000000087500000, 0x0000000087400000| Untracked 
| 117|0x0000000087500000, 0x0000000087600000, 0x0000000087600000|100%| O|  |TAMS 0x0000000087600000, 0x0000000087500000| Untracked 
| 118|0x0000000087600000, 0x0000000087700000, 0x0000000087700000|100%| O|  |TAMS 0x0000000087700000, 0x0000000087600000| Untracked 
| 119|0x0000000087700000, 0x0000000087800000, 0x0000000087800000|100%| O|  |TAMS 0x0000000087700000, 0x0000000087700000| Untracked 
| 120|0x0000000087800000, 0x0000000087900000, 0x0000000087900000|100%| O|  |TAMS 0x0000000087900000, 0x0000000087800000| Untracked 
| 121|0x0000000087900000, 0x0000000087900000, 0x0000000087a00000|  0%| F|  |TAMS 0x0000000087900000, 0x0000000087900000| Untracked 
| 122|0x0000000087a00000, 0x0000000087a00000, 0x0000000087b00000|  0%| F|  |TAMS 0x0000000087a00000, 0x0000000087a00000| Untracked 
| 123|0x0000000087b00000, 0x0000000087b00000, 0x0000000087c00000|  0%| F|  |TAMS 0x0000000087b00000, 0x0000000087b00000| Untracked 
| 124|0x0000000087c00000, 0x0000000087c00000, 0x0000000087d00000|  0%| F|  |TAMS 0x0000000087c00000, 0x0000000087c00000| Untracked 
| 125|0x0000000087d00000, 0x0000000087e00000, 0x0000000087e00000|100%| O|  |TAMS 0x0000000087e00000, 0x0000000087d00000| Untracked 
| 126|0x0000000087e00000, 0x0000000087e00000, 0x0000000087f00000|  0%| F|  |TAMS 0x0000000087e00000, 0x0000000087e00000| Untracked 
| 127|0x0000000087f00000, 0x0000000087f00000, 0x0000000088000000|  0%| F|  |TAMS 0x0000000087f00000, 0x0000000087f00000| Untracked 
| 128|0x0000000088000000, 0x0000000088100000, 0x0000000088100000|100%| O|  |TAMS 0x0000000088100000, 0x0000000088000000| Untracked 
| 129|0x0000000088100000, 0x0000000088200000, 0x0000000088200000|100%| O|  |TAMS 0x0000000088200000, 0x0000000088100000| Untracked 
| 130|0x0000000088200000, 0x0000000088300000, 0x0000000088300000|100%| O|  |TAMS 0x0000000088300000, 0x0000000088200000| Untracked 
| 131|0x0000000088300000, 0x0000000088400000, 0x0000000088400000|100%| O|  |TAMS 0x0000000088400000, 0x0000000088300000| Untracked 
| 132|0x0000000088400000, 0x0000000088500000, 0x0000000088500000|100%| O|  |TAMS 0x0000000088500000, 0x0000000088400000| Untracked 
| 133|0x0000000088500000, 0x0000000088600000, 0x0000000088600000|100%| O|  |TAMS 0x0000000088600000, 0x0000000088500000| Untracked 
| 134|0x0000000088600000, 0x0000000088700000, 0x0000000088700000|100%| O|  |TAMS 0x0000000088700000, 0x0000000088600000| Untracked 
| 135|0x0000000088700000, 0x0000000088700000, 0x0000000088800000|  0%| F|  |TAMS 0x0000000088700000, 0x0000000088700000| Untracked 
| 136|0x0000000088800000, 0x0000000088900000, 0x0000000088900000|100%| O|  |TAMS 0x0000000088900000, 0x0000000088800000| Untracked 
| 137|0x0000000088900000, 0x0000000088a00000, 0x0000000088a00000|100%| O|  |TAMS 0x0000000088a00000, 0x0000000088900000| Untracked 
| 138|0x0000000088a00000, 0x0000000088b00000, 0x0000000088b00000|100%| O|  |TAMS 0x0000000088b00000, 0x0000000088a00000| Untracked 
| 139|0x0000000088b00000, 0x0000000088c00000, 0x0000000088c00000|100%| O|  |TAMS 0x0000000088c00000, 0x0000000088b00000| Untracked 
| 140|0x0000000088c00000, 0x0000000088d00000, 0x0000000088d00000|100%| O|  |TAMS 0x0000000088d00000, 0x0000000088c00000| Untracked 
| 141|0x0000000088d00000, 0x0000000088e00000, 0x0000000088e00000|100%| O|  |TAMS 0x0000000088e00000, 0x0000000088d00000| Untracked 
| 142|0x0000000088e00000, 0x0000000088f00000, 0x0000000088f00000|100%| O|  |TAMS 0x0000000088f00000, 0x0000000088e00000| Untracked 
| 143|0x0000000088f00000, 0x0000000089000000, 0x0000000089000000|100%| O|  |TAMS 0x0000000089000000, 0x0000000088f00000| Untracked 
| 144|0x0000000089000000, 0x0000000089100000, 0x0000000089100000|100%| O|  |TAMS 0x0000000089100000, 0x0000000089000000| Untracked 
| 145|0x0000000089100000, 0x0000000089100000, 0x0000000089200000|  0%| F|  |TAMS 0x0000000089100000, 0x0000000089100000| Untracked 
| 146|0x0000000089200000, 0x0000000089300000, 0x0000000089300000|100%| O|  |TAMS 0x0000000089300000, 0x0000000089200000| Untracked 
| 147|0x0000000089300000, 0x0000000089300000, 0x0000000089400000|  0%| F|  |TAMS 0x0000000089300000, 0x0000000089300000| Untracked 
| 148|0x0000000089400000, 0x0000000089500000, 0x0000000089500000|100%| O|  |TAMS 0x0000000089500000, 0x0000000089400000| Untracked 
| 149|0x0000000089500000, 0x0000000089600000, 0x0000000089600000|100%| O|  |TAMS 0x0000000089600000, 0x0000000089500000| Untracked 
| 150|0x0000000089600000, 0x0000000089700000, 0x0000000089700000|100%| O|  |TAMS 0x0000000089600000, 0x0000000089600000| Untracked 
| 151|0x0000000089700000, 0x0000000089800000, 0x0000000089800000|100%| O|  |TAMS 0x0000000089700000, 0x0000000089700000| Untracked 
| 152|0x0000000089800000, 0x0000000089900000, 0x0000000089900000|100%| O|  |TAMS 0x0000000089800000, 0x0000000089800000| Untracked 
| 153|0x0000000089900000, 0x0000000089a00000, 0x0000000089a00000|100%| O|  |TAMS 0x0000000089900000, 0x0000000089900000| Untracked 
| 154|0x0000000089a00000, 0x0000000089b00000, 0x0000000089b00000|100%| O|  |TAMS 0x0000000089a00000, 0x0000000089a00000| Untracked 
| 155|0x0000000089b00000, 0x0000000089c00000, 0x0000000089c00000|100%| O|  |TAMS 0x0000000089b00000, 0x0000000089b00000| Untracked 
| 156|0x0000000089c00000, 0x0000000089d00000, 0x0000000089d00000|100%| O|  |TAMS 0x0000000089c00000, 0x0000000089c00000| Untracked 
| 157|0x0000000089d00000, 0x0000000089e00000, 0x0000000089e00000|100%| O|  |TAMS 0x0000000089d00000, 0x0000000089d00000| Untracked 
| 158|0x0000000089e00000, 0x0000000089f00000, 0x0000000089f00000|100%| O|  |TAMS 0x0000000089e00000, 0x0000000089e00000| Untracked 
| 159|0x0000000089f00000, 0x000000008a000000, 0x000000008a000000|100%| O|  |TAMS 0x0000000089f00000, 0x0000000089f00000| Untracked 
| 160|0x000000008a000000, 0x000000008a100000, 0x000000008a100000|100%| O|  |TAMS 0x000000008a000000, 0x000000008a000000| Untracked 
| 161|0x000000008a100000, 0x000000008a200000, 0x000000008a200000|100%| O|  |TAMS 0x000000008a100000, 0x000000008a100000| Untracked 
| 162|0x000000008a200000, 0x000000008a300000, 0x000000008a300000|100%| O|  |TAMS 0x000000008a200000, 0x000000008a200000| Untracked 
| 163|0x000000008a300000, 0x000000008a400000, 0x000000008a400000|100%| O|  |TAMS 0x000000008a300000, 0x000000008a300000| Untracked 
| 164|0x000000008a400000, 0x000000008a500000, 0x000000008a500000|100%| O|  |TAMS 0x000000008a400000, 0x000000008a400000| Untracked 
| 165|0x000000008a500000, 0x000000008a600000, 0x000000008a600000|100%| O|  |TAMS 0x000000008a500000, 0x000000008a500000| Untracked 
| 166|0x000000008a600000, 0x000000008a700000, 0x000000008a700000|100%| O|  |TAMS 0x000000008a600000, 0x000000008a600000| Untracked 
| 167|0x000000008a700000, 0x000000008a800000, 0x000000008a800000|100%| O|  |TAMS 0x000000008a700000, 0x000000008a700000| Untracked 
| 168|0x000000008a800000, 0x000000008a900000, 0x000000008a900000|100%| O|  |TAMS 0x000000008a800000, 0x000000008a800000| Untracked 
| 169|0x000000008a900000, 0x000000008aa00000, 0x000000008aa00000|100%| O|  |TAMS 0x000000008a900000, 0x000000008a900000| Untracked 
| 170|0x000000008aa00000, 0x000000008ab00000, 0x000000008ab00000|100%| O|  |TAMS 0x000000008aa00000, 0x000000008aa00000| Untracked 
| 171|0x000000008ab00000, 0x000000008ac00000, 0x000000008ac00000|100%| O|  |TAMS 0x000000008ab00000, 0x000000008ab00000| Untracked 
| 172|0x000000008ac00000, 0x000000008ad00000, 0x000000008ad00000|100%|HS|  |TAMS 0x000000008ac00000, 0x000000008ac00000| Complete 
| 173|0x000000008ad00000, 0x000000008ae00000, 0x000000008ae00000|100%|HC|  |TAMS 0x000000008ad00000, 0x000000008ad00000| Complete 
| 174|0x000000008ae00000, 0x000000008af00000, 0x000000008af00000|100%|HC|  |TAMS 0x000000008ae00000, 0x000000008ae00000| Complete 
| 175|0x000000008af00000, 0x000000008b000000, 0x000000008b000000|100%|HC|  |TAMS 0x000000008af00000, 0x000000008af00000| Complete 
| 176|0x000000008b000000, 0x000000008b100000, 0x000000008b100000|100%|HC|  |TAMS 0x000000008b000000, 0x000000008b000000| Complete 
| 177|0x000000008b100000, 0x000000008b200000, 0x000000008b200000|100%|HC|  |TAMS 0x000000008b100000, 0x000000008b100000| Complete 
| 178|0x000000008b200000, 0x000000008b300000, 0x000000008b300000|100%|HS|  |TAMS 0x000000008b200000, 0x000000008b200000| Complete 
| 179|0x000000008b300000, 0x000000008b400000, 0x000000008b400000|100%|HC|  |TAMS 0x000000008b300000, 0x000000008b300000| Complete 
| 180|0x000000008b400000, 0x000000008b500000, 0x000000008b500000|100%|HC|  |TAMS 0x000000008b400000, 0x000000008b400000| Complete 
| 181|0x000000008b500000, 0x000000008b600000, 0x000000008b600000|100%|HC|  |TAMS 0x000000008b500000, 0x000000008b500000| Complete 
| 182|0x000000008b600000, 0x000000008b700000, 0x000000008b700000|100%|HC|  |TAMS 0x000000008b600000, 0x000000008b600000| Complete 
| 183|0x000000008b700000, 0x000000008b800000, 0x000000008b800000|100%|HC|  |TAMS 0x000000008b700000, 0x000000008b700000| Complete 
| 184|0x000000008b800000, 0x000000008b800000, 0x000000008b900000|  0%| F|  |TAMS 0x000000008b800000, 0x000000008b800000| Untracked 
| 185|0x000000008b900000, 0x000000008b900000, 0x000000008ba00000|  0%| F|  |TAMS 0x000000008b900000, 0x000000008b900000| Untracked 
| 186|0x000000008ba00000, 0x000000008ba00000, 0x000000008bb00000|  0%| F|  |TAMS 0x000000008ba00000, 0x000000008ba00000| Untracked 
| 187|0x000000008bb00000, 0x000000008bb00000, 0x000000008bc00000|  0%| F|  |TAMS 0x000000008bb00000, 0x000000008bb00000| Untracked 
| 188|0x000000008bc00000, 0x000000008bc00000, 0x000000008bd00000|  0%| F|  |TAMS 0x000000008bc00000, 0x000000008bc00000| Untracked 
| 189|0x000000008bd00000, 0x000000008bd00000, 0x000000008be00000|  0%| F|  |TAMS 0x000000008bd00000, 0x000000008bd00000| Untracked 
| 190|0x000000008be00000, 0x000000008be00000, 0x000000008bf00000|  0%| F|  |TAMS 0x000000008be00000, 0x000000008be00000| Untracked 
| 191|0x000000008bf00000, 0x000000008bf00000, 0x000000008c000000|  0%| F|  |TAMS 0x000000008bf00000, 0x000000008bf00000| Untracked 
| 192|0x000000008c000000, 0x000000008c000000, 0x000000008c100000|  0%| F|  |TAMS 0x000000008c000000, 0x000000008c000000| Untracked 
| 193|0x000000008c100000, 0x000000008c100000, 0x000000008c200000|  0%| F|  |TAMS 0x000000008c100000, 0x000000008c100000| Untracked 
| 194|0x000000008c200000, 0x000000008c200000, 0x000000008c300000|  0%| F|  |TAMS 0x000000008c200000, 0x000000008c200000| Untracked 
| 195|0x000000008c300000, 0x000000008c300000, 0x000000008c400000|  0%| F|  |TAMS 0x000000008c300000, 0x000000008c300000| Untracked 
| 196|0x000000008c400000, 0x000000008c400000, 0x000000008c500000|  0%| F|  |TAMS 0x000000008c400000, 0x000000008c400000| Untracked 
| 197|0x000000008c500000, 0x000000008c500000, 0x000000008c600000|  0%| F|  |TAMS 0x000000008c500000, 0x000000008c500000| Untracked 
| 198|0x000000008c600000, 0x000000008c600000, 0x000000008c700000|  0%| F|  |TAMS 0x000000008c600000, 0x000000008c600000| Untracked 
| 199|0x000000008c700000, 0x000000008c700000, 0x000000008c800000|  0%| F|  |TAMS 0x000000008c700000, 0x000000008c700000| Untracked 
| 200|0x000000008c800000, 0x000000008c800000, 0x000000008c900000|  0%| F|  |TAMS 0x000000008c800000, 0x000000008c800000| Untracked 
| 201|0x000000008c900000, 0x000000008c900000, 0x000000008ca00000|  0%| F|  |TAMS 0x000000008c900000, 0x000000008c900000| Untracked 
| 202|0x000000008ca00000, 0x000000008ca00000, 0x000000008cb00000|  0%| F|  |TAMS 0x000000008ca00000, 0x000000008ca00000| Untracked 
| 203|0x000000008cb00000, 0x000000008cb00000, 0x000000008cc00000|  0%| F|  |TAMS 0x000000008cb00000, 0x000000008cb00000| Untracked 
| 204|0x000000008cc00000, 0x000000008cc00000, 0x000000008cd00000|  0%| F|  |TAMS 0x000000008cc00000, 0x000000008cc00000| Untracked 
| 205|0x000000008cd00000, 0x000000008cd00000, 0x000000008ce00000|  0%| F|  |TAMS 0x000000008cd00000, 0x000000008cd00000| Untracked 
| 206|0x000000008ce00000, 0x000000008ce00000, 0x000000008cf00000|  0%| F|  |TAMS 0x000000008ce00000, 0x000000008ce00000| Untracked 
| 207|0x000000008cf00000, 0x000000008cf00000, 0x000000008d000000|  0%| F|  |TAMS 0x000000008cf00000, 0x000000008cf00000| Untracked 
| 208|0x000000008d000000, 0x000000008d000000, 0x000000008d100000|  0%| F|  |TAMS 0x000000008d000000, 0x000000008d000000| Untracked 
| 209|0x000000008d100000, 0x000000008d100000, 0x000000008d200000|  0%| F|  |TAMS 0x000000008d100000, 0x000000008d100000| Untracked 
| 210|0x000000008d200000, 0x000000008d200000, 0x000000008d300000|  0%| F|  |TAMS 0x000000008d200000, 0x000000008d200000| Untracked 
| 211|0x000000008d300000, 0x000000008d300000, 0x000000008d400000|  0%| F|  |TAMS 0x000000008d300000, 0x000000008d300000| Untracked 
| 212|0x000000008d400000, 0x000000008d400000, 0x000000008d500000|  0%| F|  |TAMS 0x000000008d400000, 0x000000008d400000| Untracked 
| 213|0x000000008d500000, 0x000000008d500000, 0x000000008d600000|  0%| F|  |TAMS 0x000000008d500000, 0x000000008d500000| Untracked 
| 214|0x000000008d600000, 0x000000008d600000, 0x000000008d700000|  0%| F|  |TAMS 0x000000008d600000, 0x000000008d600000| Untracked 
| 215|0x000000008d700000, 0x000000008d700000, 0x000000008d800000|  0%| F|  |TAMS 0x000000008d700000, 0x000000008d700000| Untracked 
| 216|0x000000008d800000, 0x000000008d800000, 0x000000008d900000|  0%| F|  |TAMS 0x000000008d800000, 0x000000008d800000| Untracked 
| 217|0x000000008d900000, 0x000000008d900000, 0x000000008da00000|  0%| F|  |TAMS 0x000000008d900000, 0x000000008d900000| Untracked 
| 218|0x000000008da00000, 0x000000008da00000, 0x000000008db00000|  0%| F|  |TAMS 0x000000008da00000, 0x000000008da00000| Untracked 
| 219|0x000000008db00000, 0x000000008db00000, 0x000000008dc00000|  0%| F|  |TAMS 0x000000008db00000, 0x000000008db00000| Untracked 
| 220|0x000000008dc00000, 0x000000008dc00000, 0x000000008dd00000|  0%| F|  |TAMS 0x000000008dc00000, 0x000000008dc00000| Untracked 
| 221|0x000000008dd00000, 0x000000008dd00000, 0x000000008de00000|  0%| F|  |TAMS 0x000000008dd00000, 0x000000008dd00000| Untracked 
| 222|0x000000008de00000, 0x000000008de00000, 0x000000008df00000|  0%| F|  |TAMS 0x000000008de00000, 0x000000008de00000| Untracked 
| 223|0x000000008df00000, 0x000000008df00000, 0x000000008e000000|  0%| F|  |TAMS 0x000000008df00000, 0x000000008df00000| Untracked 
| 224|0x000000008e000000, 0x000000008e000000, 0x000000008e100000|  0%| F|  |TAMS 0x000000008e000000, 0x000000008e000000| Untracked 
| 225|0x000000008e100000, 0x000000008e100000, 0x000000008e200000|  0%| F|  |TAMS 0x000000008e100000, 0x000000008e100000| Untracked 
| 226|0x000000008e200000, 0x000000008e200000, 0x000000008e300000|  0%| F|  |TAMS 0x000000008e200000, 0x000000008e200000| Untracked 
| 227|0x000000008e300000, 0x000000008e300000, 0x000000008e400000|  0%| F|  |TAMS 0x000000008e300000, 0x000000008e300000| Untracked 
| 228|0x000000008e400000, 0x000000008e400000, 0x000000008e500000|  0%| F|  |TAMS 0x000000008e400000, 0x000000008e400000| Untracked 
| 229|0x000000008e500000, 0x000000008e500000, 0x000000008e600000|  0%| F|  |TAMS 0x000000008e500000, 0x000000008e500000| Untracked 
| 230|0x000000008e600000, 0x000000008e600000, 0x000000008e700000|  0%| F|  |TAMS 0x000000008e600000, 0x000000008e600000| Untracked 
| 231|0x000000008e700000, 0x000000008e700000, 0x000000008e800000|  0%| F|  |TAMS 0x000000008e700000, 0x000000008e700000| Untracked 
| 232|0x000000008e800000, 0x000000008e800000, 0x000000008e900000|  0%| F|  |TAMS 0x000000008e800000, 0x000000008e800000| Untracked 
| 233|0x000000008e900000, 0x000000008e900000, 0x000000008ea00000|  0%| F|  |TAMS 0x000000008e900000, 0x000000008e900000| Untracked 
| 234|0x000000008ea00000, 0x000000008ea00000, 0x000000008eb00000|  0%| F|  |TAMS 0x000000008ea00000, 0x000000008ea00000| Untracked 
| 235|0x000000008eb00000, 0x000000008eb00000, 0x000000008ec00000|  0%| F|  |TAMS 0x000000008eb00000, 0x000000008eb00000| Untracked 
| 236|0x000000008ec00000, 0x000000008ec00000, 0x000000008ed00000|  0%| F|  |TAMS 0x000000008ec00000, 0x000000008ec00000| Untracked 
| 237|0x000000008ed00000, 0x000000008ed00000, 0x000000008ee00000|  0%| F|  |TAMS 0x000000008ed00000, 0x000000008ed00000| Untracked 
| 238|0x000000008ee00000, 0x000000008ee00000, 0x000000008ef00000|  0%| F|  |TAMS 0x000000008ee00000, 0x000000008ee00000| Untracked 
| 239|0x000000008ef00000, 0x000000008ef00000, 0x000000008f000000|  0%| F|  |TAMS 0x000000008ef00000, 0x000000008ef00000| Untracked 
| 240|0x000000008f000000, 0x000000008f000000, 0x000000008f100000|  0%| F|  |TAMS 0x000000008f000000, 0x000000008f000000| Untracked 
| 241|0x000000008f100000, 0x000000008f100000, 0x000000008f200000|  0%| F|  |TAMS 0x000000008f100000, 0x000000008f100000| Untracked 
| 242|0x000000008f200000, 0x000000008f200000, 0x000000008f300000|  0%| F|  |TAMS 0x000000008f200000, 0x000000008f200000| Untracked 
| 243|0x000000008f300000, 0x000000008f300000, 0x000000008f400000|  0%| F|  |TAMS 0x000000008f300000, 0x000000008f300000| Untracked 
| 244|0x000000008f400000, 0x000000008f400000, 0x000000008f500000|  0%| F|  |TAMS 0x000000008f400000, 0x000000008f400000| Untracked 
| 245|0x000000008f500000, 0x000000008f500000, 0x000000008f600000|  0%| F|  |TAMS 0x000000008f500000, 0x000000008f500000| Untracked 
| 246|0x000000008f600000, 0x000000008f600000, 0x000000008f700000|  0%| F|  |TAMS 0x000000008f600000, 0x000000008f600000| Untracked 
| 247|0x000000008f700000, 0x000000008f700000, 0x000000008f800000|  0%| F|  |TAMS 0x000000008f700000, 0x000000008f700000| Untracked 
| 248|0x000000008f800000, 0x000000008f800000, 0x000000008f900000|  0%| F|  |TAMS 0x000000008f800000, 0x000000008f800000| Untracked 
| 249|0x000000008f900000, 0x000000008f900000, 0x000000008fa00000|  0%| F|  |TAMS 0x000000008f900000, 0x000000008f900000| Untracked 
| 250|0x000000008fa00000, 0x000000008fa00000, 0x000000008fb00000|  0%| F|  |TAMS 0x000000008fa00000, 0x000000008fa00000| Untracked 
| 251|0x000000008fb00000, 0x000000008fb00000, 0x000000008fc00000|  0%| F|  |TAMS 0x000000008fb00000, 0x000000008fb00000| Untracked 
| 252|0x000000008fc00000, 0x000000008fc00000, 0x000000008fd00000|  0%| F|  |TAMS 0x000000008fc00000, 0x000000008fc00000| Untracked 
| 253|0x000000008fd00000, 0x000000008fd00000, 0x000000008fe00000|  0%| F|  |TAMS 0x000000008fd00000, 0x000000008fd00000| Untracked 
| 254|0x000000008fe00000, 0x000000008fe00000, 0x000000008ff00000|  0%| F|  |TAMS 0x000000008fe00000, 0x000000008fe00000| Untracked 
| 255|0x000000008ff00000, 0x000000008ff00000, 0x0000000090000000|  0%| F|  |TAMS 0x000000008ff00000, 0x000000008ff00000| Untracked 
| 256|0x0000000090000000, 0x0000000090000000, 0x0000000090100000|  0%| F|  |TAMS 0x0000000090000000, 0x0000000090000000| Untracked 
| 257|0x0000000090100000, 0x0000000090100000, 0x0000000090200000|  0%| F|  |TAMS 0x0000000090100000, 0x0000000090100000| Untracked 
| 258|0x0000000090200000, 0x0000000090200000, 0x0000000090300000|  0%| F|  |TAMS 0x0000000090200000, 0x0000000090200000| Untracked 
| 259|0x0000000090300000, 0x0000000090300000, 0x0000000090400000|  0%| F|  |TAMS 0x0000000090300000, 0x0000000090300000| Untracked 
| 260|0x0000000090400000, 0x0000000090400000, 0x0000000090500000|  0%| F|  |TAMS 0x0000000090400000, 0x0000000090400000| Untracked 
| 261|0x0000000090500000, 0x0000000090500000, 0x0000000090600000|  0%| F|  |TAMS 0x0000000090500000, 0x0000000090500000| Untracked 
| 262|0x0000000090600000, 0x0000000090600000, 0x0000000090700000|  0%| F|  |TAMS 0x0000000090600000, 0x0000000090600000| Untracked 
| 263|0x0000000090700000, 0x0000000090700000, 0x0000000090800000|  0%| F|  |TAMS 0x0000000090700000, 0x0000000090700000| Untracked 
| 264|0x0000000090800000, 0x0000000090800000, 0x0000000090900000|  0%| F|  |TAMS 0x0000000090800000, 0x0000000090800000| Untracked 
| 265|0x0000000090900000, 0x0000000090900000, 0x0000000090a00000|  0%| F|  |TAMS 0x0000000090900000, 0x0000000090900000| Untracked 
| 266|0x0000000090a00000, 0x0000000090a00000, 0x0000000090b00000|  0%| F|  |TAMS 0x0000000090a00000, 0x0000000090a00000| Untracked 
| 267|0x0000000090b00000, 0x0000000090b00000, 0x0000000090c00000|  0%| F|  |TAMS 0x0000000090b00000, 0x0000000090b00000| Untracked 
| 268|0x0000000090c00000, 0x0000000090c00000, 0x0000000090d00000|  0%| F|  |TAMS 0x0000000090c00000, 0x0000000090c00000| Untracked 
| 269|0x0000000090d00000, 0x0000000090d00000, 0x0000000090e00000|  0%| F|  |TAMS 0x0000000090d00000, 0x0000000090d00000| Untracked 
| 270|0x0000000090e00000, 0x0000000090e00000, 0x0000000090f00000|  0%| F|  |TAMS 0x0000000090e00000, 0x0000000090e00000| Untracked 
| 271|0x0000000090f00000, 0x0000000090f00000, 0x0000000091000000|  0%| F|  |TAMS 0x0000000090f00000, 0x0000000090f00000| Untracked 
| 272|0x0000000091000000, 0x0000000091000000, 0x0000000091100000|  0%| F|  |TAMS 0x0000000091000000, 0x0000000091000000| Untracked 
| 273|0x0000000091100000, 0x0000000091100000, 0x0000000091200000|  0%| F|  |TAMS 0x0000000091100000, 0x0000000091100000| Untracked 
| 274|0x0000000091200000, 0x0000000091200000, 0x0000000091300000|  0%| F|  |TAMS 0x0000000091200000, 0x0000000091200000| Untracked 
| 275|0x0000000091300000, 0x0000000091300000, 0x0000000091400000|  0%| F|  |TAMS 0x0000000091300000, 0x0000000091300000| Untracked 
| 276|0x0000000091400000, 0x0000000091400000, 0x0000000091500000|  0%| F|  |TAMS 0x0000000091400000, 0x0000000091400000| Untracked 
| 277|0x0000000091500000, 0x0000000091500000, 0x0000000091600000|  0%| F|  |TAMS 0x0000000091500000, 0x0000000091500000| Untracked 
| 278|0x0000000091600000, 0x0000000091600000, 0x0000000091700000|  0%| F|  |TAMS 0x0000000091600000, 0x0000000091600000| Untracked 
| 279|0x0000000091700000, 0x0000000091700000, 0x0000000091800000|  0%| F|  |TAMS 0x0000000091700000, 0x0000000091700000| Untracked 
| 280|0x0000000091800000, 0x0000000091800000, 0x0000000091900000|  0%| F|  |TAMS 0x0000000091800000, 0x0000000091800000| Untracked 
| 281|0x0000000091900000, 0x0000000091900000, 0x0000000091a00000|  0%| F|  |TAMS 0x0000000091900000, 0x0000000091900000| Untracked 
| 282|0x0000000091a00000, 0x0000000091a00000, 0x0000000091b00000|  0%| F|  |TAMS 0x0000000091a00000, 0x0000000091a00000| Untracked 
| 283|0x0000000091b00000, 0x0000000091b00000, 0x0000000091c00000|  0%| F|  |TAMS 0x0000000091b00000, 0x0000000091b00000| Untracked 
| 284|0x0000000091c00000, 0x0000000091c00000, 0x0000000091d00000|  0%| F|  |TAMS 0x0000000091c00000, 0x0000000091c00000| Untracked 
| 285|0x0000000091d00000, 0x0000000091d00000, 0x0000000091e00000|  0%| F|  |TAMS 0x0000000091d00000, 0x0000000091d00000| Untracked 
| 286|0x0000000091e00000, 0x0000000091e00000, 0x0000000091f00000|  0%| F|  |TAMS 0x0000000091e00000, 0x0000000091e00000| Untracked 
| 287|0x0000000091f00000, 0x0000000091f00000, 0x0000000092000000|  0%| F|  |TAMS 0x0000000091f00000, 0x0000000091f00000| Untracked 
| 288|0x0000000092000000, 0x0000000092000000, 0x0000000092100000|  0%| F|  |TAMS 0x0000000092000000, 0x0000000092000000| Untracked 
| 289|0x0000000092100000, 0x0000000092100000, 0x0000000092200000|  0%| F|  |TAMS 0x0000000092100000, 0x0000000092100000| Untracked 
| 290|0x0000000092200000, 0x0000000092200000, 0x0000000092300000|  0%| F|  |TAMS 0x0000000092200000, 0x0000000092200000| Untracked 
| 291|0x0000000092300000, 0x0000000092300000, 0x0000000092400000|  0%| F|  |TAMS 0x0000000092300000, 0x0000000092300000| Untracked 
| 292|0x0000000092400000, 0x0000000092400000, 0x0000000092500000|  0%| F|  |TAMS 0x0000000092400000, 0x0000000092400000| Untracked 
| 293|0x0000000092500000, 0x0000000092500000, 0x0000000092600000|  0%| F|  |TAMS 0x0000000092500000, 0x0000000092500000| Untracked 
| 294|0x0000000092600000, 0x0000000092600000, 0x0000000092700000|  0%| F|  |TAMS 0x0000000092600000, 0x0000000092600000| Untracked 
| 295|0x0000000092700000, 0x0000000092700000, 0x0000000092800000|  0%| F|  |TAMS 0x0000000092700000, 0x0000000092700000| Untracked 
| 296|0x0000000092800000, 0x0000000092800000, 0x0000000092900000|  0%| F|  |TAMS 0x0000000092800000, 0x0000000092800000| Untracked 
| 297|0x0000000092900000, 0x0000000092900000, 0x0000000092a00000|  0%| F|  |TAMS 0x0000000092900000, 0x0000000092900000| Untracked 
| 298|0x0000000092a00000, 0x0000000092a00000, 0x0000000092b00000|  0%| F|  |TAMS 0x0000000092a00000, 0x0000000092a00000| Untracked 
| 299|0x0000000092b00000, 0x0000000092b00000, 0x0000000092c00000|  0%| F|  |TAMS 0x0000000092b00000, 0x0000000092b00000| Untracked 
| 300|0x0000000092c00000, 0x0000000092c00000, 0x0000000092d00000|  0%| F|  |TAMS 0x0000000092c00000, 0x0000000092c00000| Untracked 
| 301|0x0000000092d00000, 0x0000000092d00000, 0x0000000092e00000|  0%| F|  |TAMS 0x0000000092d00000, 0x0000000092d00000| Untracked 
| 302|0x0000000092e00000, 0x0000000092e00000, 0x0000000092f00000|  0%| F|  |TAMS 0x0000000092e00000, 0x0000000092e00000| Untracked 
| 303|0x0000000092f00000, 0x0000000092f00000, 0x0000000093000000|  0%| F|  |TAMS 0x0000000092f00000, 0x0000000092f00000| Untracked 
| 304|0x0000000093000000, 0x0000000093000000, 0x0000000093100000|  0%| F|  |TAMS 0x0000000093000000, 0x0000000093000000| Untracked 
| 305|0x0000000093100000, 0x0000000093100000, 0x0000000093200000|  0%| F|  |TAMS 0x0000000093100000, 0x0000000093100000| Untracked 
| 306|0x0000000093200000, 0x0000000093200000, 0x0000000093300000|  0%| F|  |TAMS 0x0000000093200000, 0x0000000093200000| Untracked 
| 307|0x0000000093300000, 0x0000000093300000, 0x0000000093400000|  0%| F|  |TAMS 0x0000000093300000, 0x0000000093300000| Untracked 
| 308|0x0000000093400000, 0x0000000093400000, 0x0000000093500000|  0%| F|  |TAMS 0x0000000093400000, 0x0000000093400000| Untracked 
| 309|0x0000000093500000, 0x0000000093500000, 0x0000000093600000|  0%| F|  |TAMS 0x0000000093500000, 0x0000000093500000| Untracked 
| 310|0x0000000093600000, 0x0000000093600000, 0x0000000093700000|  0%| F|  |TAMS 0x0000000093600000, 0x0000000093600000| Untracked 
| 311|0x0000000093700000, 0x0000000093700000, 0x0000000093800000|  0%| F|  |TAMS 0x0000000093700000, 0x0000000093700000| Untracked 
| 312|0x0000000093800000, 0x0000000093800000, 0x0000000093900000|  0%| F|  |TAMS 0x0000000093800000, 0x0000000093800000| Untracked 
| 313|0x0000000093900000, 0x0000000093900000, 0x0000000093a00000|  0%| F|  |TAMS 0x0000000093900000, 0x0000000093900000| Untracked 
| 314|0x0000000093a00000, 0x0000000093a00000, 0x0000000093b00000|  0%| F|  |TAMS 0x0000000093a00000, 0x0000000093a00000| Untracked 
| 315|0x0000000093b00000, 0x0000000093b00000, 0x0000000093c00000|  0%| F|  |TAMS 0x0000000093b00000, 0x0000000093b00000| Untracked 
| 316|0x0000000093c00000, 0x0000000093c00000, 0x0000000093d00000|  0%| F|  |TAMS 0x0000000093c00000, 0x0000000093c00000| Untracked 
| 317|0x0000000093d00000, 0x0000000093d00000, 0x0000000093e00000|  0%| F|  |TAMS 0x0000000093d00000, 0x0000000093d00000| Untracked 
| 318|0x0000000093e00000, 0x0000000093e00000, 0x0000000093f00000|  0%| F|  |TAMS 0x0000000093e00000, 0x0000000093e00000| Untracked 
| 319|0x0000000093f00000, 0x0000000093f00000, 0x0000000094000000|  0%| F|  |TAMS 0x0000000093f00000, 0x0000000093f00000| Untracked 
| 320|0x0000000094000000, 0x0000000094000000, 0x0000000094100000|  0%| F|  |TAMS 0x0000000094000000, 0x0000000094000000| Untracked 
| 321|0x0000000094100000, 0x0000000094100000, 0x0000000094200000|  0%| F|  |TAMS 0x0000000094100000, 0x0000000094100000| Untracked 
| 322|0x0000000094200000, 0x0000000094200000, 0x0000000094300000|  0%| F|  |TAMS 0x0000000094200000, 0x0000000094200000| Untracked 
| 323|0x0000000094300000, 0x0000000094300000, 0x0000000094400000|  0%| F|  |TAMS 0x0000000094300000, 0x0000000094300000| Untracked 
| 324|0x0000000094400000, 0x0000000094400000, 0x0000000094500000|  0%| F|  |TAMS 0x0000000094400000, 0x0000000094400000| Untracked 
| 325|0x0000000094500000, 0x0000000094500000, 0x0000000094600000|  0%| F|  |TAMS 0x0000000094500000, 0x0000000094500000| Untracked 
| 326|0x0000000094600000, 0x0000000094600000, 0x0000000094700000|  0%| F|  |TAMS 0x0000000094600000, 0x0000000094600000| Untracked 
| 327|0x0000000094700000, 0x0000000094700000, 0x0000000094800000|  0%| F|  |TAMS 0x0000000094700000, 0x0000000094700000| Untracked 
| 328|0x0000000094800000, 0x0000000094800000, 0x0000000094900000|  0%| F|  |TAMS 0x0000000094800000, 0x0000000094800000| Untracked 
| 329|0x0000000094900000, 0x0000000094900000, 0x0000000094a00000|  0%| F|  |TAMS 0x0000000094900000, 0x0000000094900000| Untracked 
| 330|0x0000000094a00000, 0x0000000094a00000, 0x0000000094b00000|  0%| F|  |TAMS 0x0000000094a00000, 0x0000000094a00000| Untracked 
| 331|0x0000000094b00000, 0x0000000094b08308, 0x0000000094c00000|  3%| E|  |TAMS 0x0000000094b00000, 0x0000000094b00000| Complete 
| 332|0x0000000094c00000, 0x0000000094d00000, 0x0000000094d00000|100%| E|CS|TAMS 0x0000000094c00000, 0x0000000094c00000| Complete 
| 333|0x0000000094d00000, 0x0000000094e00000, 0x0000000094e00000|100%| E|CS|TAMS 0x0000000094d00000, 0x0000000094d00000| Complete 
| 334|0x0000000094e00000, 0x0000000094f00000, 0x0000000094f00000|100%| E|CS|TAMS 0x0000000094e00000, 0x0000000094e00000| Complete 
| 335|0x0000000094f00000, 0x0000000095000000, 0x0000000095000000|100%| E|CS|TAMS 0x0000000094f00000, 0x0000000094f00000| Complete 
| 336|0x0000000095000000, 0x0000000095100000, 0x0000000095100000|100%| E|CS|TAMS 0x0000000095000000, 0x0000000095000000| Complete 
| 337|0x0000000095100000, 0x000000009515b800, 0x0000000095200000| 35%| S|CS|TAMS 0x0000000095100000, 0x0000000095100000| Complete 
| 338|0x0000000095200000, 0x0000000095300000, 0x0000000095300000|100%| S|CS|TAMS 0x0000000095200000, 0x0000000095200000| Complete 
| 339|0x0000000095300000, 0x0000000095400000, 0x0000000095400000|100%| S|CS|TAMS 0x0000000095300000, 0x0000000095300000| Complete 
| 340|0x0000000095400000, 0x0000000095500000, 0x0000000095500000|100%| S|CS|TAMS 0x0000000095400000, 0x0000000095400000| Complete 
| 341|0x0000000095500000, 0x0000000095600000, 0x0000000095600000|100%| S|CS|TAMS 0x0000000095500000, 0x0000000095500000| Complete 
| 342|0x0000000095600000, 0x0000000095700000, 0x0000000095700000|100%| S|CS|TAMS 0x0000000095600000, 0x0000000095600000| Complete 
| 343|0x0000000095700000, 0x0000000095800000, 0x0000000095800000|100%| S|CS|TAMS 0x0000000095700000, 0x0000000095700000| Complete 
| 344|0x0000000095800000, 0x0000000095900000, 0x0000000095900000|100%| S|CS|TAMS 0x0000000095800000, 0x0000000095800000| Complete 
| 345|0x0000000095900000, 0x0000000095a00000, 0x0000000095a00000|100%| S|CS|TAMS 0x0000000095900000, 0x0000000095900000| Complete 
| 346|0x0000000095a00000, 0x0000000095b00000, 0x0000000095b00000|100%| S|CS|TAMS 0x0000000095a00000, 0x0000000095a00000| Complete 
| 347|0x0000000095b00000, 0x0000000095c00000, 0x0000000095c00000|100%| S|CS|TAMS 0x0000000095b00000, 0x0000000095b00000| Complete 
| 348|0x0000000095c00000, 0x0000000095d00000, 0x0000000095d00000|100%| S|CS|TAMS 0x0000000095c00000, 0x0000000095c00000| Complete 
| 349|0x0000000095d00000, 0x0000000095e00000, 0x0000000095e00000|100%| S|CS|TAMS 0x0000000095d00000, 0x0000000095d00000| Complete 
| 350|0x0000000095e00000, 0x0000000095f00000, 0x0000000095f00000|100%| S|CS|TAMS 0x0000000095e00000, 0x0000000095e00000| Complete 
| 351|0x0000000095f00000, 0x0000000096000000, 0x0000000096000000|100%| E|CS|TAMS 0x0000000095f00000, 0x0000000095f00000| Complete 
| 352|0x0000000096000000, 0x0000000096100000, 0x0000000096100000|100%| E|CS|TAMS 0x0000000096000000, 0x0000000096000000| Complete 
| 353|0x0000000096100000, 0x0000000096200000, 0x0000000096200000|100%| E|CS|TAMS 0x0000000096100000, 0x0000000096100000| Complete 
| 354|0x0000000096200000, 0x0000000096300000, 0x0000000096300000|100%| E|CS|TAMS 0x0000000096200000, 0x0000000096200000| Complete 
| 355|0x0000000096300000, 0x0000000096400000, 0x0000000096400000|100%| E|CS|TAMS 0x0000000096300000, 0x0000000096300000| Complete 
| 356|0x0000000096400000, 0x0000000096500000, 0x0000000096500000|100%| E|CS|TAMS 0x0000000096400000, 0x0000000096400000| Complete 
| 357|0x0000000096500000, 0x0000000096600000, 0x0000000096600000|100%| E|CS|TAMS 0x0000000096500000, 0x0000000096500000| Complete 
| 358|0x0000000096600000, 0x0000000096700000, 0x0000000096700000|100%| E|CS|TAMS 0x0000000096600000, 0x0000000096600000| Complete 
| 359|0x0000000096700000, 0x0000000096800000, 0x0000000096800000|100%| E|CS|TAMS 0x0000000096700000, 0x0000000096700000| Complete 
| 360|0x0000000096800000, 0x0000000096900000, 0x0000000096900000|100%| E|CS|TAMS 0x0000000096800000, 0x0000000096800000| Complete 
| 361|0x0000000096900000, 0x0000000096a00000, 0x0000000096a00000|100%| E|CS|TAMS 0x0000000096900000, 0x0000000096900000| Complete 
| 362|0x0000000096a00000, 0x0000000096b00000, 0x0000000096b00000|100%| E|CS|TAMS 0x0000000096a00000, 0x0000000096a00000| Complete 
| 363|0x0000000096b00000, 0x0000000096c00000, 0x0000000096c00000|100%| E|CS|TAMS 0x0000000096b00000, 0x0000000096b00000| Complete 
| 364|0x0000000096c00000, 0x0000000096d00000, 0x0000000096d00000|100%| E|CS|TAMS 0x0000000096c00000, 0x0000000096c00000| Complete 
| 365|0x0000000096d00000, 0x0000000096e00000, 0x0000000096e00000|100%| E|CS|TAMS 0x0000000096d00000, 0x0000000096d00000| Complete 
| 366|0x0000000096e00000, 0x0000000096f00000, 0x0000000096f00000|100%| E|CS|TAMS 0x0000000096e00000, 0x0000000096e00000| Complete 
| 367|0x0000000096f00000, 0x0000000097000000, 0x0000000097000000|100%| E|CS|TAMS 0x0000000096f00000, 0x0000000096f00000| Complete 
| 368|0x0000000097000000, 0x0000000097100000, 0x0000000097100000|100%| E|CS|TAMS 0x0000000097000000, 0x0000000097000000| Complete 
| 369|0x0000000097100000, 0x0000000097200000, 0x0000000097200000|100%| E|CS|TAMS 0x0000000097100000, 0x0000000097100000| Complete 
| 370|0x0000000097200000, 0x0000000097300000, 0x0000000097300000|100%| E|CS|TAMS 0x0000000097200000, 0x0000000097200000| Complete 
| 371|0x0000000097300000, 0x0000000097400000, 0x0000000097400000|100%| E|CS|TAMS 0x0000000097300000, 0x0000000097300000| Complete 
| 372|0x0000000097400000, 0x0000000097500000, 0x0000000097500000|100%| E|CS|TAMS 0x0000000097400000, 0x0000000097400000| Complete 
| 373|0x0000000097500000, 0x0000000097600000, 0x0000000097600000|100%| E|CS|TAMS 0x0000000097500000, 0x0000000097500000| Complete 
| 374|0x0000000097600000, 0x0000000097700000, 0x0000000097700000|100%| E|CS|TAMS 0x0000000097600000, 0x0000000097600000| Complete 
| 375|0x0000000097700000, 0x0000000097800000, 0x0000000097800000|100%| E|CS|TAMS 0x0000000097700000, 0x0000000097700000| Complete 
| 376|0x0000000097800000, 0x0000000097900000, 0x0000000097900000|100%| E|CS|TAMS 0x0000000097800000, 0x0000000097800000| Complete 
| 377|0x0000000097900000, 0x0000000097a00000, 0x0000000097a00000|100%| E|CS|TAMS 0x0000000097900000, 0x0000000097900000| Complete 
| 378|0x0000000097a00000, 0x0000000097b00000, 0x0000000097b00000|100%| E|CS|TAMS 0x0000000097a00000, 0x0000000097a00000| Complete 
| 379|0x0000000097b00000, 0x0000000097c00000, 0x0000000097c00000|100%| E|CS|TAMS 0x0000000097b00000, 0x0000000097b00000| Complete 
| 380|0x0000000097c00000, 0x0000000097d00000, 0x0000000097d00000|100%| E|CS|TAMS 0x0000000097c00000, 0x0000000097c00000| Complete 
| 381|0x0000000097d00000, 0x0000000097e00000, 0x0000000097e00000|100%| E|CS|TAMS 0x0000000097d00000, 0x0000000097d00000| Complete 
| 382|0x0000000097e00000, 0x0000000097f00000, 0x0000000097f00000|100%| E|CS|TAMS 0x0000000097e00000, 0x0000000097e00000| Complete 
| 383|0x0000000097f00000, 0x0000000098000000, 0x0000000098000000|100%| E|CS|TAMS 0x0000000097f00000, 0x0000000097f00000| Complete 
| 384|0x0000000098000000, 0x0000000098100000, 0x0000000098100000|100%| E|CS|TAMS 0x0000000098000000, 0x0000000098000000| Complete 
| 385|0x0000000098100000, 0x0000000098200000, 0x0000000098200000|100%| E|CS|TAMS 0x0000000098100000, 0x0000000098100000| Complete 
| 386|0x0000000098200000, 0x0000000098300000, 0x0000000098300000|100%| E|CS|TAMS 0x0000000098200000, 0x0000000098200000| Complete 
| 387|0x0000000098300000, 0x0000000098400000, 0x0000000098400000|100%| E|CS|TAMS 0x0000000098300000, 0x0000000098300000| Complete 
| 388|0x0000000098400000, 0x0000000098500000, 0x0000000098500000|100%| E|CS|TAMS 0x0000000098400000, 0x0000000098400000| Complete 
| 389|0x0000000098500000, 0x0000000098600000, 0x0000000098600000|100%| E|CS|TAMS 0x0000000098500000, 0x0000000098500000| Complete 
| 390|0x0000000098600000, 0x0000000098700000, 0x0000000098700000|100%| E|CS|TAMS 0x0000000098600000, 0x0000000098600000| Complete 
| 391|0x0000000098700000, 0x0000000098800000, 0x0000000098800000|100%| E|CS|TAMS 0x0000000098700000, 0x0000000098700000| Complete 
| 392|0x0000000098800000, 0x0000000098900000, 0x0000000098900000|100%| E|CS|TAMS 0x0000000098800000, 0x0000000098800000| Complete 
| 393|0x0000000098900000, 0x0000000098a00000, 0x0000000098a00000|100%| E|CS|TAMS 0x0000000098900000, 0x0000000098900000| Complete 
| 394|0x0000000098a00000, 0x0000000098b00000, 0x0000000098b00000|100%| E|CS|TAMS 0x0000000098a00000, 0x0000000098a00000| Complete 
| 395|0x0000000098b00000, 0x0000000098c00000, 0x0000000098c00000|100%| E|CS|TAMS 0x0000000098b00000, 0x0000000098b00000| Complete 
| 396|0x0000000098c00000, 0x0000000098d00000, 0x0000000098d00000|100%| E|CS|TAMS 0x0000000098c00000, 0x0000000098c00000| Complete 
| 397|0x0000000098d00000, 0x0000000098e00000, 0x0000000098e00000|100%| E|CS|TAMS 0x0000000098d00000, 0x0000000098d00000| Complete 
| 398|0x0000000098e00000, 0x0000000098f00000, 0x0000000098f00000|100%| E|CS|TAMS 0x0000000098e00000, 0x0000000098e00000| Complete 
| 399|0x0000000098f00000, 0x0000000099000000, 0x0000000099000000|100%| E|CS|TAMS 0x0000000098f00000, 0x0000000098f00000| Complete 
| 400|0x0000000099000000, 0x0000000099100000, 0x0000000099100000|100%| E|CS|TAMS 0x0000000099000000, 0x0000000099000000| Complete 
| 401|0x0000000099100000, 0x0000000099200000, 0x0000000099200000|100%| E|CS|TAMS 0x0000000099100000, 0x0000000099100000| Complete 
| 402|0x0000000099200000, 0x0000000099300000, 0x0000000099300000|100%| E|CS|TAMS 0x0000000099200000, 0x0000000099200000| Complete 
| 403|0x0000000099300000, 0x0000000099400000, 0x0000000099400000|100%| E|CS|TAMS 0x0000000099300000, 0x0000000099300000| Complete 
| 404|0x0000000099400000, 0x0000000099500000, 0x0000000099500000|100%| E|CS|TAMS 0x0000000099400000, 0x0000000099400000| Complete 
| 405|0x0000000099500000, 0x0000000099600000, 0x0000000099600000|100%| E|CS|TAMS 0x0000000099500000, 0x0000000099500000| Complete 
| 406|0x0000000099600000, 0x0000000099700000, 0x0000000099700000|100%| E|CS|TAMS 0x0000000099600000, 0x0000000099600000| Complete 
| 407|0x0000000099700000, 0x0000000099800000, 0x0000000099800000|100%| E|CS|TAMS 0x0000000099700000, 0x0000000099700000| Complete 
| 408|0x0000000099800000, 0x0000000099900000, 0x0000000099900000|100%| E|CS|TAMS 0x0000000099800000, 0x0000000099800000| Complete 
| 409|0x0000000099900000, 0x0000000099a00000, 0x0000000099a00000|100%| E|CS|TAMS 0x0000000099900000, 0x0000000099900000| Complete 
| 410|0x0000000099a00000, 0x0000000099b00000, 0x0000000099b00000|100%| E|CS|TAMS 0x0000000099a00000, 0x0000000099a00000| Complete 
| 411|0x0000000099b00000, 0x0000000099c00000, 0x0000000099c00000|100%| E|CS|TAMS 0x0000000099b00000, 0x0000000099b00000| Complete 
| 412|0x0000000099c00000, 0x0000000099d00000, 0x0000000099d00000|100%| E|CS|TAMS 0x0000000099c00000, 0x0000000099c00000| Complete 
| 413|0x0000000099d00000, 0x0000000099e00000, 0x0000000099e00000|100%| E|CS|TAMS 0x0000000099d00000, 0x0000000099d00000| Complete 
| 414|0x0000000099e00000, 0x0000000099f00000, 0x0000000099f00000|100%| E|CS|TAMS 0x0000000099e00000, 0x0000000099e00000| Complete 
| 415|0x0000000099f00000, 0x000000009a000000, 0x000000009a000000|100%| E|CS|TAMS 0x0000000099f00000, 0x0000000099f00000| Complete 
| 416|0x000000009a000000, 0x000000009a100000, 0x000000009a100000|100%| E|CS|TAMS 0x000000009a000000, 0x000000009a000000| Complete 
| 417|0x000000009a100000, 0x000000009a200000, 0x000000009a200000|100%| E|CS|TAMS 0x000000009a100000, 0x000000009a100000| Complete 
| 418|0x000000009a200000, 0x000000009a300000, 0x000000009a300000|100%| E|CS|TAMS 0x000000009a200000, 0x000000009a200000| Complete 
| 419|0x000000009a300000, 0x000000009a400000, 0x000000009a400000|100%| E|CS|TAMS 0x000000009a300000, 0x000000009a300000| Complete 
| 420|0x000000009a400000, 0x000000009a500000, 0x000000009a500000|100%| E|CS|TAMS 0x000000009a400000, 0x000000009a400000| Complete 
| 421|0x000000009a500000, 0x000000009a600000, 0x000000009a600000|100%| E|CS|TAMS 0x000000009a500000, 0x000000009a500000| Complete 
| 422|0x000000009a600000, 0x000000009a700000, 0x000000009a700000|100%| E|CS|TAMS 0x000000009a600000, 0x000000009a600000| Complete 
| 423|0x000000009a700000, 0x000000009a800000, 0x000000009a800000|100%| E|CS|TAMS 0x000000009a700000, 0x000000009a700000| Complete 
| 424|0x000000009a800000, 0x000000009a900000, 0x000000009a900000|100%| E|CS|TAMS 0x000000009a800000, 0x000000009a800000| Complete 
| 425|0x000000009a900000, 0x000000009aa00000, 0x000000009aa00000|100%| E|CS|TAMS 0x000000009a900000, 0x000000009a900000| Complete 
| 426|0x000000009aa00000, 0x000000009ab00000, 0x000000009ab00000|100%| E|CS|TAMS 0x000000009aa00000, 0x000000009aa00000| Complete 
| 427|0x000000009ab00000, 0x000000009ac00000, 0x000000009ac00000|100%| E|CS|TAMS 0x000000009ab00000, 0x000000009ab00000| Complete 
| 428|0x000000009ac00000, 0x000000009ad00000, 0x000000009ad00000|100%| E|CS|TAMS 0x000000009ac00000, 0x000000009ac00000| Complete 
| 429|0x000000009ad00000, 0x000000009ae00000, 0x000000009ae00000|100%| E|CS|TAMS 0x000000009ad00000, 0x000000009ad00000| Complete 
| 430|0x000000009ae00000, 0x000000009af00000, 0x000000009af00000|100%| E|CS|TAMS 0x000000009ae00000, 0x000000009ae00000| Complete 
| 431|0x000000009af00000, 0x000000009b000000, 0x000000009b000000|100%| E|CS|TAMS 0x000000009af00000, 0x000000009af00000| Complete 
| 432|0x000000009b000000, 0x000000009b100000, 0x000000009b100000|100%| E|CS|TAMS 0x000000009b000000, 0x000000009b000000| Complete 
| 433|0x000000009b100000, 0x000000009b200000, 0x000000009b200000|100%| E|CS|TAMS 0x000000009b100000, 0x000000009b100000| Complete 
| 434|0x000000009b200000, 0x000000009b300000, 0x000000009b300000|100%| E|CS|TAMS 0x000000009b200000, 0x000000009b200000| Complete 
| 435|0x000000009b300000, 0x000000009b400000, 0x000000009b400000|100%| E|CS|TAMS 0x000000009b300000, 0x000000009b300000| Complete 
| 436|0x000000009b400000, 0x000000009b500000, 0x000000009b500000|100%| E|CS|TAMS 0x000000009b400000, 0x000000009b400000| Complete 
| 437|0x000000009b500000, 0x000000009b600000, 0x000000009b600000|100%| E|CS|TAMS 0x000000009b500000, 0x000000009b500000| Complete 
| 438|0x000000009b600000, 0x000000009b700000, 0x000000009b700000|100%| E|CS|TAMS 0x000000009b600000, 0x000000009b600000| Complete 
| 439|0x000000009b700000, 0x000000009b800000, 0x000000009b800000|100%| E|CS|TAMS 0x000000009b700000, 0x000000009b700000| Complete 
| 440|0x000000009b800000, 0x000000009b900000, 0x000000009b900000|100%| E|CS|TAMS 0x000000009b800000, 0x000000009b800000| Complete 
| 441|0x000000009b900000, 0x000000009ba00000, 0x000000009ba00000|100%| E|CS|TAMS 0x000000009b900000, 0x000000009b900000| Complete 
| 442|0x000000009ba00000, 0x000000009bb00000, 0x000000009bb00000|100%| E|CS|TAMS 0x000000009ba00000, 0x000000009ba00000| Complete 
| 443|0x000000009bb00000, 0x000000009bc00000, 0x000000009bc00000|100%| E|CS|TAMS 0x000000009bb00000, 0x000000009bb00000| Complete 
| 444|0x000000009bc00000, 0x000000009bd00000, 0x000000009bd00000|100%| E|CS|TAMS 0x000000009bc00000, 0x000000009bc00000| Complete 
| 445|0x000000009bd00000, 0x000000009be00000, 0x000000009be00000|100%| E|CS|TAMS 0x000000009bd00000, 0x000000009bd00000| Complete 
| 446|0x000000009be00000, 0x000000009bf00000, 0x000000009bf00000|100%| E|CS|TAMS 0x000000009be00000, 0x000000009be00000| Complete 
| 447|0x000000009bf00000, 0x000000009c000000, 0x000000009c000000|100%| E|CS|TAMS 0x000000009bf00000, 0x000000009bf00000| Complete 
| 448|0x000000009c000000, 0x000000009c100000, 0x000000009c100000|100%| E|CS|TAMS 0x000000009c000000, 0x000000009c000000| Complete 
| 449|0x000000009c100000, 0x000000009c200000, 0x000000009c200000|100%| E|CS|TAMS 0x000000009c100000, 0x000000009c100000| Complete 
| 450|0x000000009c200000, 0x000000009c300000, 0x000000009c300000|100%| E|CS|TAMS 0x000000009c200000, 0x000000009c200000| Complete 
| 451|0x000000009c300000, 0x000000009c400000, 0x000000009c400000|100%| E|CS|TAMS 0x000000009c300000, 0x000000009c300000| Complete 
| 452|0x000000009c400000, 0x000000009c500000, 0x000000009c500000|100%| E|CS|TAMS 0x000000009c400000, 0x000000009c400000| Complete 
| 453|0x000000009c500000, 0x000000009c600000, 0x000000009c600000|100%| E|CS|TAMS 0x000000009c500000, 0x000000009c500000| Complete 
| 454|0x000000009c600000, 0x000000009c700000, 0x000000009c700000|100%| E|CS|TAMS 0x000000009c600000, 0x000000009c600000| Complete 
| 455|0x000000009c700000, 0x000000009c800000, 0x000000009c800000|100%| E|CS|TAMS 0x000000009c700000, 0x000000009c700000| Complete 
| 456|0x000000009c800000, 0x000000009c900000, 0x000000009c900000|100%| E|CS|TAMS 0x000000009c800000, 0x000000009c800000| Complete 
| 457|0x000000009c900000, 0x000000009ca00000, 0x000000009ca00000|100%| E|CS|TAMS 0x000000009c900000, 0x000000009c900000| Complete 
| 458|0x000000009ca00000, 0x000000009cb00000, 0x000000009cb00000|100%| E|CS|TAMS 0x000000009ca00000, 0x000000009ca00000| Complete 
| 459|0x000000009cb00000, 0x000000009cc00000, 0x000000009cc00000|100%| E|CS|TAMS 0x000000009cb00000, 0x000000009cb00000| Complete 
| 460|0x000000009cc00000, 0x000000009cd00000, 0x000000009cd00000|100%| E|CS|TAMS 0x000000009cc00000, 0x000000009cc00000| Complete 
| 461|0x000000009cd00000, 0x000000009ce00000, 0x000000009ce00000|100%| E|CS|TAMS 0x000000009cd00000, 0x000000009cd00000| Complete 
| 462|0x000000009ce00000, 0x000000009cf00000, 0x000000009cf00000|100%| E|CS|TAMS 0x000000009ce00000, 0x000000009ce00000| Complete 
| 463|0x000000009cf00000, 0x000000009d000000, 0x000000009d000000|100%| E|CS|TAMS 0x000000009cf00000, 0x000000009cf00000| Complete 
| 464|0x000000009d000000, 0x000000009d100000, 0x000000009d100000|100%| E|CS|TAMS 0x000000009d000000, 0x000000009d000000| Complete 
| 465|0x000000009d100000, 0x000000009d200000, 0x000000009d200000|100%| E|  |TAMS 0x000000009d100000, 0x000000009d100000| Complete 
| 466|0x000000009d200000, 0x000000009d300000, 0x000000009d300000|100%| E|CS|TAMS 0x000000009d200000, 0x000000009d200000| Complete 
| 467|0x000000009d300000, 0x000000009d400000, 0x000000009d400000|100%| E|CS|TAMS 0x000000009d300000, 0x000000009d300000| Complete 
| 468|0x000000009d400000, 0x000000009d500000, 0x000000009d500000|100%| E|CS|TAMS 0x000000009d400000, 0x000000009d400000| Complete 
| 469|0x000000009d500000, 0x000000009d600000, 0x000000009d600000|100%| E|CS|TAMS 0x000000009d500000, 0x000000009d500000| Complete 
| 470|0x000000009d600000, 0x000000009d700000, 0x000000009d700000|100%| E|CS|TAMS 0x000000009d600000, 0x000000009d600000| Complete 
| 471|0x000000009d700000, 0x000000009d800000, 0x000000009d800000|100%| E|CS|TAMS 0x000000009d700000, 0x000000009d700000| Complete 
| 472|0x000000009d800000, 0x000000009d900000, 0x000000009d900000|100%| E|CS|TAMS 0x000000009d800000, 0x000000009d800000| Complete 
| 473|0x000000009d900000, 0x000000009da00000, 0x000000009da00000|100%| E|CS|TAMS 0x000000009d900000, 0x000000009d900000| Complete 
| 474|0x000000009da00000, 0x000000009db00000, 0x000000009db00000|100%| E|CS|TAMS 0x000000009da00000, 0x000000009da00000| Complete 
| 475|0x000000009db00000, 0x000000009dc00000, 0x000000009dc00000|100%| E|CS|TAMS 0x000000009db00000, 0x000000009db00000| Complete 
| 476|0x000000009dc00000, 0x000000009dd00000, 0x000000009dd00000|100%| E|CS|TAMS 0x000000009dc00000, 0x000000009dc00000| Complete 
| 477|0x000000009dd00000, 0x000000009de00000, 0x000000009de00000|100%| E|CS|TAMS 0x000000009dd00000, 0x000000009dd00000| Complete 
| 478|0x000000009de00000, 0x000000009df00000, 0x000000009df00000|100%| E|CS|TAMS 0x000000009de00000, 0x000000009de00000| Complete 
| 479|0x000000009df00000, 0x000000009e000000, 0x000000009e000000|100%| E|CS|TAMS 0x000000009df00000, 0x000000009df00000| Complete 
| 480|0x000000009e000000, 0x000000009e100000, 0x000000009e100000|100%| E|CS|TAMS 0x000000009e000000, 0x000000009e000000| Complete 
| 481|0x000000009e100000, 0x000000009e200000, 0x000000009e200000|100%| E|CS|TAMS 0x000000009e100000, 0x000000009e100000| Complete 
| 482|0x000000009e200000, 0x000000009e300000, 0x000000009e300000|100%| E|CS|TAMS 0x000000009e200000, 0x000000009e200000| Complete 
| 483|0x000000009e300000, 0x000000009e400000, 0x000000009e400000|100%| E|CS|TAMS 0x000000009e300000, 0x000000009e300000| Complete 
| 484|0x000000009e400000, 0x000000009e500000, 0x000000009e500000|100%| E|CS|TAMS 0x000000009e400000, 0x000000009e400000| Complete 
| 485|0x000000009e500000, 0x000000009e600000, 0x000000009e600000|100%| E|CS|TAMS 0x000000009e500000, 0x000000009e500000| Complete 
| 486|0x000000009e600000, 0x000000009e700000, 0x000000009e700000|100%| E|CS|TAMS 0x000000009e600000, 0x000000009e600000| Complete 
| 487|0x000000009e700000, 0x000000009e800000, 0x000000009e800000|100%| E|CS|TAMS 0x000000009e700000, 0x000000009e700000| Complete 
| 488|0x000000009e800000, 0x000000009e900000, 0x000000009e900000|100%| E|CS|TAMS 0x000000009e800000, 0x000000009e800000| Complete 
| 489|0x000000009e900000, 0x000000009ea00000, 0x000000009ea00000|100%| E|CS|TAMS 0x000000009e900000, 0x000000009e900000| Complete 
| 490|0x000000009ea00000, 0x000000009eb00000, 0x000000009eb00000|100%| E|CS|TAMS 0x000000009ea00000, 0x000000009ea00000| Complete 
| 491|0x000000009eb00000, 0x000000009ec00000, 0x000000009ec00000|100%| E|CS|TAMS 0x000000009eb00000, 0x000000009eb00000| Complete 
| 492|0x000000009ec00000, 0x000000009ed00000, 0x000000009ed00000|100%| E|CS|TAMS 0x000000009ec00000, 0x000000009ec00000| Complete 
| 493|0x000000009ed00000, 0x000000009ee00000, 0x000000009ee00000|100%| E|CS|TAMS 0x000000009ed00000, 0x000000009ed00000| Complete 
| 494|0x000000009ee00000, 0x000000009ef00000, 0x000000009ef00000|100%| E|CS|TAMS 0x000000009ee00000, 0x000000009ee00000| Complete 
| 495|0x000000009ef00000, 0x000000009f000000, 0x000000009f000000|100%| E|CS|TAMS 0x000000009ef00000, 0x000000009ef00000| Complete 
| 496|0x000000009f000000, 0x000000009f100000, 0x000000009f100000|100%| E|CS|TAMS 0x000000009f000000, 0x000000009f000000| Complete 
| 497|0x000000009f100000, 0x000000009f200000, 0x000000009f200000|100%| E|CS|TAMS 0x000000009f100000, 0x000000009f100000| Complete 
| 498|0x000000009f200000, 0x000000009f300000, 0x000000009f300000|100%| E|CS|TAMS 0x000000009f200000, 0x000000009f200000| Complete 
| 499|0x000000009f300000, 0x000000009f400000, 0x000000009f400000|100%| E|CS|TAMS 0x000000009f300000, 0x000000009f300000| Complete 
| 500|0x000000009f400000, 0x000000009f500000, 0x000000009f500000|100%| E|CS|TAMS 0x000000009f400000, 0x000000009f400000| Complete 
| 501|0x000000009f500000, 0x000000009f600000, 0x000000009f600000|100%| E|CS|TAMS 0x000000009f500000, 0x000000009f500000| Complete 
| 502|0x000000009f600000, 0x000000009f700000, 0x000000009f700000|100%| E|CS|TAMS 0x000000009f600000, 0x000000009f600000| Complete 
| 503|0x000000009f700000, 0x000000009f800000, 0x000000009f800000|100%| E|CS|TAMS 0x000000009f700000, 0x000000009f700000| Complete 
| 504|0x000000009f800000, 0x000000009f900000, 0x000000009f900000|100%| E|CS|TAMS 0x000000009f800000, 0x000000009f800000| Complete 
| 505|0x000000009f900000, 0x000000009fa00000, 0x000000009fa00000|100%| E|CS|TAMS 0x000000009f900000, 0x000000009f900000| Complete 
| 506|0x000000009fa00000, 0x000000009fb00000, 0x000000009fb00000|100%| E|CS|TAMS 0x000000009fa00000, 0x000000009fa00000| Complete 
| 507|0x000000009fb00000, 0x000000009fc00000, 0x000000009fc00000|100%| E|CS|TAMS 0x000000009fb00000, 0x000000009fb00000| Complete 
| 508|0x000000009fc00000, 0x000000009fd00000, 0x000000009fd00000|100%| E|CS|TAMS 0x000000009fc00000, 0x000000009fc00000| Complete 
| 509|0x000000009fd00000, 0x000000009fe00000, 0x000000009fe00000|100%| E|CS|TAMS 0x000000009fd00000, 0x000000009fd00000| Complete 
| 510|0x000000009fe00000, 0x000000009ff00000, 0x000000009ff00000|100%| E|CS|TAMS 0x000000009fe00000, 0x000000009fe00000| Complete 
| 511|0x000000009ff00000, 0x00000000a0000000, 0x00000000a0000000|100%| E|CS|TAMS 0x000000009ff00000, 0x000000009ff00000| Complete 
| 512|0x00000000a0000000, 0x00000000a0100000, 0x00000000a0100000|100%| E|CS|TAMS 0x00000000a0000000, 0x00000000a0000000| Complete 
| 513|0x00000000a0100000, 0x00000000a0200000, 0x00000000a0200000|100%| E|CS|TAMS 0x00000000a0100000, 0x00000000a0100000| Complete 
| 514|0x00000000a0200000, 0x00000000a0300000, 0x00000000a0300000|100%| E|CS|TAMS 0x00000000a0200000, 0x00000000a0200000| Complete 
| 515|0x00000000a0300000, 0x00000000a0400000, 0x00000000a0400000|100%| E|CS|TAMS 0x00000000a0300000, 0x00000000a0300000| Complete 
| 516|0x00000000a0400000, 0x00000000a0500000, 0x00000000a0500000|100%| E|CS|TAMS 0x00000000a0400000, 0x00000000a0400000| Complete 
| 517|0x00000000a0500000, 0x00000000a0600000, 0x00000000a0600000|100%| E|CS|TAMS 0x00000000a0500000, 0x00000000a0500000| Complete 
| 518|0x00000000a0600000, 0x00000000a0700000, 0x00000000a0700000|100%| E|CS|TAMS 0x00000000a0600000, 0x00000000a0600000| Complete 

Card table byte_map: [0x0000024bfe790000,0x0000024bfeb90000] _byte_map_base: 0x0000024bfe390000

Marking Bits (Prev, Next): (CMBitMap*) 0x0000024bfdfe7d60, (CMBitMap*) 0x0000024bfdfe7da0
 Prev Bits: [0x0000024b97850000, 0x0000024b99850000)
 Next Bits: [0x0000024b99850000, 0x0000024b9b850000)

Polling page: 0x0000024bfbe70000

Metaspace:

Usage:
  Non-class:    119.37 MB used.
      Class:     17.88 MB used.
       Both:    137.24 MB used.

Virtual space:
  Non-class space:      128.00 MB reserved,     119.81 MB ( 94%) committed,  2 nodes.
      Class space:      416.00 MB reserved,      18.25 MB (  4%) committed,  1 nodes.
             Both:      544.00 MB reserved,     138.06 MB ( 25%) committed. 

Chunk freelists:
   Non-Class:  7.52 MB
       Class:  13.58 MB
        Both:  21.09 MB

MaxMetaspaceSize: 512.00 MB
CompressedClassSpaceSize: 416.00 MB
Initial GC threshold: 21.00 MB
Current GC threshold: 223.56 MB
CDS: on
MetaspaceReclaimPolicy: balanced
 - commit_granule_bytes: 65536.
 - commit_granule_words: 8192.
 - virtual_space_node_default_size: 8388608.
 - enlarge_chunks_in_place: 1.
 - new_chunks_are_fully_committed: 0.
 - uncommit_free_chunks: 1.
 - use_allocation_guard: 0.
 - handle_deallocations: 1.


Internal statistics:

num_allocs_failed_limit: 6.
num_arena_births: 1156.
num_arena_deaths: 0.
num_vsnodes_births: 3.
num_vsnodes_deaths: 0.
num_space_committed: 2207.
num_space_uncommitted: 0.
num_chunks_returned_to_freelist: 6.
num_chunks_taken_from_freelist: 6426.
num_chunk_merges: 6.
num_chunk_splits: 4673.
num_chunks_enlarged: 3614.
num_inconsistent_stats: 0.

CodeHeap 'non-profiled nmethods': size=128192Kb used=9228Kb max_used=9228Kb free=118964Kb
 bounds [0x0000024b8fb20000, 0x0000024b90430000, 0x0000024b97850000]
CodeHeap 'profiled nmethods': size=128192Kb used=29522Kb max_used=29522Kb free=98669Kb
 bounds [0x0000024b87850000, 0x0000024b89530000, 0x0000024b8f580000]
CodeHeap 'non-nmethods': size=5760Kb used=1908Kb max_used=2036Kb free=3851Kb
 bounds [0x0000024b8f580000, 0x0000024b8f7f0000, 0x0000024b8fb20000]
 total_blobs=15313 nmethods=14270 adapters=954
 compilation: enabled
              stopped_count=0, restarted_count=0
 full_count=0

Compilation events (20 events):
Event: 103.076 Thread 0x0000024bffa13a10 nmethod 16371 0x0000024b8951f710 code [0x0000024b8951f8c0, 0x0000024b8951fa88]
Event: 103.092 Thread 0x0000024bffa13a10 16372       3       org.jetbrains.kotlin.com.intellij.openapi.util.io.FileUtil::toSystemIndependentName (23 bytes)
Event: 103.092 Thread 0x0000024bffa13a10 nmethod 16372 0x0000024b8951fb90 code [0x0000024b8951fd80, 0x0000024b895200c8]
Event: 103.106 Thread 0x0000024bffa13a10 16373       3       org.jetbrains.kotlin.kotlinx.collections.immutable.implementations.immutableMap.TrieNode::entryKeyIndex$kotlinx_collections_immutable (14 bytes)
Event: 103.107 Thread 0x0000024bffa13a10 nmethod 16373 0x0000024b89520210 code [0x0000024b895203a0, 0x0000024b895204e8]
Event: 103.107 Thread 0x0000024bffa13a10 16374       3       org.jetbrains.kotlin.kotlinx.collections.immutable.implementations.immutableMap.PersistentHashMap::get (23 bytes)
Event: 103.107 Thread 0x0000024bffa13a10 nmethod 16374 0x0000024b89520590 code [0x0000024b89520740, 0x0000024b895209d8]
Event: 103.107 Thread 0x0000024bffa13a10 16375       3       org.jetbrains.kotlin.kotlinx.collections.immutable.implementations.immutableMap.TrieNode::get (95 bytes)
Event: 103.108 Thread 0x0000024bffa13a10 nmethod 16375 0x0000024b89520b10 code [0x0000024b89520e20, 0x0000024b89521f78]
Event: 103.122 Thread 0x0000024bffa13a10 16376       1       org.jetbrains.kotlin.com.intellij.openapi.vfs.local.CoreLocalFileSystem::getProtocol (3 bytes)
Event: 103.123 Thread 0x0000024bffa13a10 nmethod 16376 0x0000024b9041aa90 code [0x0000024b9041ac20, 0x0000024b9041acf8]
Event: 103.144 Thread 0x0000024bffa13a10 16378       1       org.jetbrains.kotlin.cli.jvm.config.JvmClasspathRoot::isSdkRoot (5 bytes)
Event: 103.144 Thread 0x0000024bffa13a10 nmethod 16378 0x0000024b9041ad90 code [0x0000024b9041af20, 0x0000024b9041aff8]
Event: 103.153 Thread 0x0000024bffa13a10 16380       3       org.jetbrains.kotlin.metadata.ProtoBuf$Annotation$Argument$Value::getDefaultInstance (4 bytes)
Event: 103.153 Thread 0x0000024bffa13a10 nmethod 16380 0x0000024b88b3fb90 code [0x0000024b88b3fd20, 0x0000024b88b3fe18]
Event: 103.154 Thread 0x0000024bffa13a10 16381       1       org.jetbrains.kotlin.metadata.ProtoBuf$Annotation$Argument$Value::getIntValue (5 bytes)
Event: 103.154 Thread 0x0000024bffa13a10 nmethod 16381 0x0000024b9041b090 code [0x0000024b9041b220, 0x0000024b9041b2f8]
Event: 103.154 Thread 0x0000024bcb4f9560 16367       4       org.jetbrains.kotlin.com.intellij.openapi.vfs.VirtualFile::getNameSequence (13 bytes)
Event: 103.158 Thread 0x0000024bffa13a10 16383       3       org.jetbrains.kotlin.metadata.ProtoBuf$Type::isInitialized (145 bytes)
Event: 103.159 Thread 0x0000024bffa13a10 nmethod 16383 0x0000024b89522690 code [0x0000024b89522940, 0x0000024b895236a8]

GC Heap History (20 events):
Event: 88.453 GC heap before
{Heap before GC invocations=70 (full 0):
 garbage-first heap   total 155648K, used 134230K [0x0000000080000000, 0x0000000100000000)
  region size 1024K, 7 young (7168K), 2 survivors (2048K)
 Metaspace       used 136287K, committed 137152K, reserved 557056K
  class space    used 17849K, committed 18240K, reserved 425984K
}
Event: 88.460 GC heap after
{Heap after GC invocations=71 (full 0):
 garbage-first heap   total 196608K, used 132625K [0x0000000080000000, 0x0000000100000000)
  region size 1024K, 1 young (1024K), 1 survivors (1024K)
 Metaspace       used 136287K, committed 137152K, reserved 557056K
  class space    used 17849K, committed 18240K, reserved 425984K
}
Event: 88.863 GC heap before
{Heap before GC invocations=72 (full 0):
 garbage-first heap   total 229376K, used 150033K [0x0000000080000000, 0x0000000100000000)
  region size 1024K, 19 young (19456K), 1 survivors (1024K)
 Metaspace       used 136287K, committed 137152K, reserved 557056K
  class space    used 17849K, committed 18240K, reserved 425984K
}
Event: 88.874 GC heap after
{Heap after GC invocations=73 (full 0):
 garbage-first heap   total 229376K, used 142635K [0x0000000080000000, 0x0000000100000000)
  region size 1024K, 3 young (3072K), 3 survivors (3072K)
 Metaspace       used 136287K, committed 137152K, reserved 557056K
  class space    used 17849K, committed 18240K, reserved 425984K
}
Event: 89.109 GC heap before
{Heap before GC invocations=73 (full 0):
 garbage-first heap   total 229376K, used 149803K [0x0000000080000000, 0x0000000100000000)
  region size 1024K, 11 young (11264K), 3 survivors (3072K)
 Metaspace       used 136294K, committed 137152K, reserved 557056K
  class space    used 17854K, committed 18240K, reserved 425984K
}
Event: 89.141 GC heap after
{Heap after GC invocations=74 (full 0):
 garbage-first heap   total 229376K, used 136781K [0x0000000080000000, 0x0000000100000000)
  region size 1024K, 2 young (2048K), 2 survivors (2048K)
 Metaspace       used 136294K, committed 137152K, reserved 557056K
  class space    used 17854K, committed 18240K, reserved 425984K
}
Event: 89.676 GC heap before
{Heap before GC invocations=74 (full 0):
 garbage-first heap   total 229376K, used 166477K [0x0000000080000000, 0x0000000100000000)
  region size 1024K, 31 young (31744K), 2 survivors (2048K)
 Metaspace       used 136303K, committed 137152K, reserved 557056K
  class space    used 17854K, committed 18240K, reserved 425984K
}
Event: 89.697 GC heap after
{Heap after GC invocations=75 (full 0):
 garbage-first heap   total 229376K, used 150044K [0x0000000080000000, 0x0000000100000000)
  region size 1024K, 4 young (4096K), 4 survivors (4096K)
 Metaspace       used 136303K, committed 137152K, reserved 557056K
  class space    used 17854K, committed 18240K, reserved 425984K
}
Event: 92.038 GC heap before
{Heap before GC invocations=75 (full 0):
 garbage-first heap   total 229376K, used 173596K [0x0000000080000000, 0x0000000100000000)
  region size 1024K, 28 young (28672K), 4 survivors (4096K)
 Metaspace       used 136503K, committed 137344K, reserved 557056K
  class space    used 17869K, committed 18240K, reserved 425984K
}
Event: 92.051 GC heap after
{Heap after GC invocations=76 (full 0):
 garbage-first heap   total 229376K, used 154579K [0x0000000080000000, 0x0000000100000000)
  region size 1024K, 4 young (4096K), 4 survivors (4096K)
 Metaspace       used 136503K, committed 137344K, reserved 557056K
  class space    used 17869K, committed 18240K, reserved 425984K
}
Event: 92.802 GC heap before
{Heap before GC invocations=76 (full 0):
 garbage-first heap   total 229376K, used 179155K [0x0000000080000000, 0x0000000100000000)
  region size 1024K, 28 young (28672K), 4 survivors (4096K)
 Metaspace       used 136537K, committed 137344K, reserved 557056K
  class space    used 17869K, committed 18240K, reserved 425984K
}
Event: 92.809 GC heap after
{Heap after GC invocations=77 (full 0):
 garbage-first heap   total 229376K, used 156782K [0x0000000080000000, 0x0000000100000000)
  region size 1024K, 4 young (4096K), 4 survivors (4096K)
 Metaspace       used 136537K, committed 137344K, reserved 557056K
  class space    used 17869K, committed 18240K, reserved 425984K
}
Event: 93.214 GC heap before
{Heap before GC invocations=78 (full 0):
 garbage-first heap   total 276480K, used 179310K [0x0000000080000000, 0x0000000100000000)
  region size 1024K, 26 young (26624K), 4 survivors (4096K)
 Metaspace       used 136549K, committed 137344K, reserved 557056K
  class space    used 17869K, committed 18240K, reserved 425984K
}
Event: 93.233 GC heap after
{Heap after GC invocations=79 (full 0):
 garbage-first heap   total 276480K, used 165353K [0x0000000080000000, 0x0000000100000000)
  region size 1024K, 4 young (4096K), 4 survivors (4096K)
 Metaspace       used 136549K, committed 137344K, reserved 557056K
  class space    used 17869K, committed 18240K, reserved 425984K
}
Event: 93.359 GC heap before
{Heap before GC invocations=79 (full 0):
 garbage-first heap   total 276480K, used 173545K [0x0000000080000000, 0x0000000100000000)
  region size 1024K, 13 young (13312K), 4 survivors (4096K)
 Metaspace       used 136555K, committed 137408K, reserved 557056K
  class space    used 17869K, committed 18240K, reserved 425984K
}
Event: 93.390 GC heap after
{Heap after GC invocations=80 (full 0):
 garbage-first heap   total 531456K, used 150445K [0x0000000080000000, 0x0000000100000000)
  region size 1024K, 2 young (2048K), 2 survivors (2048K)
 Metaspace       used 136555K, committed 137408K, reserved 557056K
  class space    used 17869K, committed 18240K, reserved 425984K
}
Event: 93.872 GC heap before
{Heap before GC invocations=80 (full 0):
 garbage-first heap   total 531456K, used 173997K [0x0000000080000000, 0x0000000100000000)
  region size 1024K, 25 young (25600K), 2 survivors (2048K)
 Metaspace       used 136585K, committed 137408K, reserved 557056K
  class space    used 17869K, committed 18240K, reserved 425984K
}
Event: 93.887 GC heap after
{Heap after GC invocations=81 (full 0):
 garbage-first heap   total 531456K, used 154624K [0x0000000080000000, 0x0000000100000000)
  region size 1024K, 4 young (4096K), 4 survivors (4096K)
 Metaspace       used 136585K, committed 137408K, reserved 557056K
  class space    used 17869K, committed 18240K, reserved 425984K
}
Event: 98.953 GC heap before
{Heap before GC invocations=81 (full 0):
 garbage-first heap   total 531456K, used 322560K [0x0000000080000000, 0x0000000100000000)
  region size 1024K, 168 young (172032K), 4 survivors (4096K)
 Metaspace       used 136796K, committed 137664K, reserved 557056K
  class space    used 17870K, committed 18240K, reserved 425984K
}
Event: 98.973 GC heap after
{Heap after GC invocations=82 (full 0):
 garbage-first heap   total 531456K, used 165230K [0x0000000080000000, 0x0000000100000000)
  region size 1024K, 14 young (14336K), 14 survivors (14336K)
 Metaspace       used 136796K, committed 137664K, reserved 557056K
  class space    used 17870K, committed 18240K, reserved 425984K
}

Deoptimization events (20 events):
Event: 102.056 Thread 0x0000024bbe535c50 Uncommon trap: trap_request=0xffffff45 fr.pc=0x0000024b8fb94e44 relative=0x0000000000002fe4
Event: 102.056 Thread 0x0000024bbe535c50 Uncommon trap: reason=unstable_if action=reinterpret pc=0x0000024b8fb94e44 method=org.jetbrains.kotlin.com.intellij.openapi.vfs.impl.ArchiveHandler.directoryEntry(Ljava/util/Map;Lorg/jetbrains/kotlin/com/intellij/openapi/diagnostic/Logger;Ljava/lang/Strin
Event: 102.056 Thread 0x0000024bbe535c50 DEOPT PACKING pc=0x0000024b8fb94e44 sp=0x000000b7b50f6320
Event: 102.056 Thread 0x0000024bbe535c50 DEOPT UNPACKING pc=0x0000024b8f5d23a3 sp=0x000000b7b50f62c8 mode 2
Event: 102.410 Thread 0x0000024bbe535c50 DEOPT PACKING pc=0x0000024b89512f02 sp=0x000000b7b50f6430
Event: 102.410 Thread 0x0000024bbe535c50 DEOPT UNPACKING pc=0x0000024b8f5d2b43 sp=0x000000b7b50f5980 mode 0
Event: 102.412 Thread 0x0000024bbe535c50 DEOPT PACKING pc=0x0000024b8797ade2 sp=0x000000b7b50f64d0
Event: 102.412 Thread 0x0000024bbe535c50 DEOPT UNPACKING pc=0x0000024b8f5d2b43 sp=0x000000b7b50f59b0 mode 0
Event: 102.482 Thread 0x0000024bbe535c50 DEOPT PACKING pc=0x0000024b87b2761a sp=0x000000b7b50f6650
Event: 102.482 Thread 0x0000024bbe535c50 DEOPT UNPACKING pc=0x0000024b8f5d2b43 sp=0x000000b7b50f5ba0 mode 0
Event: 102.539 Thread 0x0000024bbe535c50 DEOPT PACKING pc=0x0000024b87b2761a sp=0x000000b7b50f6650
Event: 102.539 Thread 0x0000024bbe535c50 DEOPT UNPACKING pc=0x0000024b8f5d2b43 sp=0x000000b7b50f5ba0 mode 0
Event: 102.598 Thread 0x0000024bbe535c50 DEOPT PACKING pc=0x0000024b87b2761a sp=0x000000b7b50f6650
Event: 102.598 Thread 0x0000024bbe535c50 DEOPT UNPACKING pc=0x0000024b8f5d2b43 sp=0x000000b7b50f5ba0 mode 0
Event: 102.648 Thread 0x0000024bbe535c50 DEOPT PACKING pc=0x0000024b87b2761a sp=0x000000b7b50f6650
Event: 102.648 Thread 0x0000024bbe535c50 DEOPT UNPACKING pc=0x0000024b8f5d2b43 sp=0x000000b7b50f5ba0 mode 0
Event: 103.045 Thread 0x0000024bbe535c50 Uncommon trap: trap_request=0xffffffe4 fr.pc=0x0000024b9041515c relative=0x0000000000000bdc
Event: 103.045 Thread 0x0000024bbe535c50 Uncommon trap: reason=range_check action=make_not_entrant pc=0x0000024b9041515c method=java.util.zip.ZipUtils.get16([BI)I @ 11 c2
Event: 103.045 Thread 0x0000024bbe535c50 DEOPT PACKING pc=0x0000024b9041515c sp=0x000000b7b50f6360
Event: 103.045 Thread 0x0000024bbe535c50 DEOPT UNPACKING pc=0x0000024b8f5d23a3 sp=0x000000b7b50f6290 mode 2

Classes unloaded (0 events):
No events

Classes redefined (0 events):
No events

Internal exceptions (20 events):
Event: 82.995 Thread 0x0000024bc19e3230 Exception <a 'sun/nio/fs/WindowsException'{0x0000000087e0adc0}> (0x0000000087e0adc0) 
thrown [s\open\src\hotspot\share\prims\jni.cpp, line 516]
Event: 82.996 Thread 0x0000024bc19e3230 Exception <a 'sun/nio/fs/WindowsException'{0x0000000087e0d188}> (0x0000000087e0d188) 
thrown [s\open\src\hotspot\share\prims\jni.cpp, line 516]
Event: 82.997 Thread 0x0000024bc19e3230 Exception <a 'sun/nio/fs/WindowsException'{0x0000000087e0f2d0}> (0x0000000087e0f2d0) 
thrown [s\open\src\hotspot\share\prims\jni.cpp, line 516]
Event: 82.999 Thread 0x0000024bc19e3230 Exception <a 'sun/nio/fs/WindowsException'{0x0000000087e11030}> (0x0000000087e11030) 
thrown [s\open\src\hotspot\share\prims\jni.cpp, line 516]
Event: 83.010 Thread 0x0000024bc19e3700 Exception <a 'sun/nio/fs/WindowsException'{0x0000000088e1a9e8}> (0x0000000088e1a9e8) 
thrown [s\open\src\hotspot\share\prims\jni.cpp, line 516]
Event: 83.011 Thread 0x0000024bc19e3700 Exception <a 'sun/nio/fs/WindowsException'{0x0000000088e1ca38}> (0x0000000088e1ca38) 
thrown [s\open\src\hotspot\share\prims\jni.cpp, line 516]
Event: 83.011 Thread 0x0000024bc19e3700 Exception <a 'sun/nio/fs/WindowsException'{0x0000000088e1e840}> (0x0000000088e1e840) 
thrown [s\open\src\hotspot\share\prims\jni.cpp, line 516]
Event: 87.235 Thread 0x0000024b9dbce770 Implicit null exception at 0x0000024b8fd8f0db to 0x0000024b8fd8f16c
Event: 91.515 Thread 0x0000024bca092e00 Implicit null exception at 0x0000024b8fdabed0 to 0x0000024b8fdac7d8
Event: 91.521 Thread 0x0000024bca092e00 Exception <a 'sun/nio/fs/WindowsException'{0x000000008d0daba8}> (0x000000008d0daba8) 
thrown [s\open\src\hotspot\share\prims\jni.cpp, line 516]
Event: 91.791 Thread 0x0000024bca092e00 Implicit null exception at 0x0000024b9008d148 to 0x0000024b9008d208
Event: 92.505 Thread 0x0000024bca092460 Implicit null exception at 0x0000024b902e6526 to 0x0000024b902e6bb8
Event: 100.369 Thread 0x0000024bbe535c50 Exception <a 'java/lang/NoSuchMethodError'{0x000000009d5dac98}: 'java.lang.Object java.lang.invoke.Invokers$Holder.invokeExact_MT(java.lang.Object, java.lang.Object, java.lang.Object, int, java.lang.Object, java.lang.Object)'> (0x000000009d5dac98) 
thrown [s\open\src\hotspot\share\interpreter\linkResolver.cpp, line 759]
Event: 101.798 Thread 0x0000024bbe535c50 Implicit null exception at 0x0000024b902ce91a to 0x0000024b902ceeb0
Event: 101.798 Thread 0x0000024bbe535c50 Implicit null exception at 0x0000024b902d1d15 to 0x0000024b902d261c
Event: 101.874 Thread 0x0000024bbe535c50 Implicit null exception at 0x0000024b9011939c to 0x0000024b9011972c
Event: 101.977 Thread 0x0000024bbe535c50 Exception <a 'sun/nio/fs/WindowsException'{0x000000009b642b78}> (0x000000009b642b78) 
thrown [s\open\src\hotspot\share\prims\jni.cpp, line 516]
Event: 101.978 Thread 0x0000024bbe535c50 Exception <a 'sun/nio/fs/WindowsException'{0x000000009b58dce8}> (0x000000009b58dce8) 
thrown [s\open\src\hotspot\share\prims\jni.cpp, line 516]
Event: 101.991 Thread 0x0000024bbe535c50 Exception <a 'sun/nio/fs/WindowsException'{0x000000009b5bad10}> (0x000000009b5bad10) 
thrown [s\open\src\hotspot\share\prims\jni.cpp, line 516]
Event: 103.061 Thread 0x0000024bbe535c50 Exception <a 'sun/nio/fs/WindowsException'{0x0000000095fe3688}> (0x0000000095fe3688) 
thrown [s\open\src\hotspot\share\prims\jni.cpp, line 516]

VM Operations (20 events):
Event: 96.025 Executing VM operation: HandshakeAllThreads
Event: 96.025 Executing VM operation: HandshakeAllThreads done
Event: 97.037 Executing VM operation: Cleanup
Event: 97.039 Executing VM operation: Cleanup done
Event: 98.049 Executing VM operation: Cleanup
Event: 98.067 Executing VM operation: Cleanup done
Event: 98.952 Executing VM operation: G1CollectForAllocation
Event: 98.974 Executing VM operation: G1CollectForAllocation done
Event: 99.974 Executing VM operation: Cleanup
Event: 99.975 Executing VM operation: Cleanup done
Event: 100.049 Executing VM operation: HandshakeAllThreads
Event: 100.050 Executing VM operation: HandshakeAllThreads done
Event: 100.512 Executing VM operation: HandshakeAllThreads
Event: 100.512 Executing VM operation: HandshakeAllThreads done
Event: 101.513 Executing VM operation: Cleanup
Event: 101.513 Executing VM operation: Cleanup done
Event: 101.885 Executing VM operation: HandshakeAllThreads
Event: 101.885 Executing VM operation: HandshakeAllThreads done
Event: 102.892 Executing VM operation: Cleanup
Event: 102.893 Executing VM operation: Cleanup done

Events (20 events):
Event: 95.651 Thread 0x0000024bcb4f9050 Thread exited: 0x0000024bcb4f9050
Event: 95.842 Thread 0x0000024bcb4faeb0 Thread added: 0x0000024bcb4faeb0
Event: 96.040 Thread 0x0000024b9d9a00b0 flushing nmethod 0x0000024b87c11990
Event: 96.043 Thread 0x0000024b9d9a00b0 flushing nmethod 0x0000024b87d28910
Event: 96.044 Thread 0x0000024b9d9a00b0 flushing nmethod 0x0000024b87dcbd90
Event: 96.046 Thread 0x0000024b9d9a00b0 flushing nmethod 0x0000024b87f2e090
Event: 96.047 Thread 0x0000024b9d9a00b0 flushing nmethod 0x0000024b88040a10
Event: 96.050 Thread 0x0000024b9d9a00b0 flushing nmethod 0x0000024b882b3910
Event: 96.060 Thread 0x0000024b9d9a00b0 flushing nmethod 0x0000024b88a44290
Event: 97.556 Thread 0x0000024bcb4faeb0 Thread exited: 0x0000024bcb4faeb0
Event: 99.060 Thread 0x0000024bcb4f8120 Thread added: 0x0000024bcb4f8120
Event: 99.746 loading class java/util/stream/SortedOps$RefSortingSink
Event: 99.747 loading class java/util/stream/SortedOps$RefSortingSink done
Event: 100.314 Thread 0x0000024bcb4f8120 Thread exited: 0x0000024bcb4f8120
Event: 101.112 Thread 0x0000024bca093c70 Thread added: 0x0000024bca093c70
Event: 102.030 Thread 0x0000024bcb4f8120 Thread added: 0x0000024bcb4f8120
Event: 102.059 Thread 0x0000024bcb4fbde0 Thread added: 0x0000024bcb4fbde0
Event: 102.696 Thread 0x0000024bcb4fbde0 Thread exited: 0x0000024bcb4fbde0
Event: 102.770 Thread 0x0000024bcb4f8120 Thread exited: 0x0000024bcb4f8120
Event: 103.154 Thread 0x0000024bcb4f9560 Thread added: 0x0000024bcb4f9560


Dynamic libraries:
0x00007ff6900b0000 - 0x00007ff6900c0000 	C:\Program Files\Java\jdk-17\bin\java.exe
0x00007ffe8d140000 - 0x00007ffe8d3a7000 	C:\Windows\SYSTEM32\ntdll.dll
0x00007ffe8b890000 - 0x00007ffe8b95b000 	C:\Windows\System32\KERNEL32.DLL
0x00007ffe8a990000 - 0x00007ffe8ad92000 	C:\Windows\System32\KERNELBASE.dll
0x00007ffe8a800000 - 0x00007ffe8a94c000 	C:\Windows\System32\ucrtbase.dll
0x00007ffe71c60000 - 0x00007ffe71c7b000 	C:\Program Files\Java\jdk-17\bin\VCRUNTIME140.dll
0x00007ffe7fc20000 - 0x00007ffe7fc39000 	C:\Program Files\Java\jdk-17\bin\jli.dll
0x00007ffe8b1c0000 - 0x00007ffe8b27c000 	C:\Windows\System32\ADVAPI32.dll
0x00007ffe8c890000 - 0x00007ffe8c939000 	C:\Windows\System32\msvcrt.dll
0x00007ffe8bc80000 - 0x00007ffe8bd29000 	C:\Windows\System32\sechost.dll
0x00007ffe8bb00000 - 0x00007ffe8bc18000 	C:\Windows\System32\RPCRT4.dll
0x00007ffe8af70000 - 0x00007ffe8b13f000 	C:\Windows\System32\USER32.dll
0x00007ffe8a960000 - 0x00007ffe8a987000 	C:\Windows\System32\win32u.dll
0x00007ffe8cc20000 - 0x00007ffe8cc4b000 	C:\Windows\System32\GDI32.dll
0x00007ffe8a610000 - 0x00007ffe8a739000 	C:\Windows\System32\gdi32full.dll
0x00007ffe8a3d0000 - 0x00007ffe8a473000 	C:\Windows\System32\msvcp_win.dll
0x00007ffe77550000 - 0x00007ffe777e0000 	C:\Windows\WinSxS\amd64_microsoft.windows.common-controls_6595b64144ccf1df_6.0.26100.9278_none_3e0d1ba8e3303201\COMCTL32.dll
0x00007ffe7bf10000 - 0x00007ffe7bf1b000 	C:\Windows\SYSTEM32\VERSION.dll
0x00007ffe8cce0000 - 0x00007ffe8cd11000 	C:\Windows\System32\IMM32.DLL
0x00007ffe72460000 - 0x00007ffe7246c000 	C:\Program Files\Java\jdk-17\bin\vcruntime140_1.dll
0x00007ffe5ff80000 - 0x00007ffe6000e000 	C:\Program Files\Java\jdk-17\bin\msvcp140.dll
0x00007ffd82f40000 - 0x00007ffd83b20000 	C:\Program Files\Java\jdk-17\bin\server\jvm.dll
0x00007ffe8b880000 - 0x00007ffe8b888000 	C:\Windows\System32\PSAPI.DLL
0x00007ffe79b00000 - 0x00007ffe79b0a000 	C:\Windows\SYSTEM32\WSOCK32.dll
0x00007ffe8aee0000 - 0x00007ffe8af60000 	C:\Windows\System32\WS2_32.dll
0x00007ffe7f930000 - 0x00007ffe7f966000 	C:\Windows\SYSTEM32\WINMM.dll
0x00007ffe89010000 - 0x00007ffe8902b000 	C:\Windows\SYSTEM32\kernel.appcore.dll
0x00007ffe71410000 - 0x00007ffe7141a000 	C:\Program Files\Java\jdk-17\bin\jimage.dll
0x00007ffe7e4e0000 - 0x00007ffe7e72c000 	C:\Windows\SYSTEM32\DBGHELP.DLL
0x00007ffe8cd70000 - 0x00007ffe8d0f5000 	C:\Windows\System32\combase.dll
0x00007ffe8c530000 - 0x00007ffe8c609000 	C:\Windows\System32\OLEAUT32.dll
0x00007ffe65a60000 - 0x00007ffe65a9b000 	C:\Windows\SYSTEM32\dbgcore.DLL
0x00007ffe8ada0000 - 0x00007ffe8ae4c000 	C:\Windows\System32\bcryptPrimitives.dll
0x00007ffe5a1e0000 - 0x00007ffe5a1ee000 	C:\Program Files\Java\jdk-17\bin\instrument.dll
0x00007ffe71380000 - 0x00007ffe713a5000 	C:\Program Files\Java\jdk-17\bin\java.dll
0x00007ffe5a1f0000 - 0x00007ffe5a2c7000 	C:\Program Files\Java\jdk-17\bin\jsvml.dll
0x00007ffe8bd90000 - 0x00007ffe8c528000 	C:\Windows\System32\SHELL32.dll
0x00007ffe87d80000 - 0x00007ffe8862e000 	C:\Windows\SYSTEM32\windows.storage.dll
0x00007ffe8ba00000 - 0x00007ffe8bafb000 	C:\Windows\System32\SHCORE.dll
0x00007ffe8b150000 - 0x00007ffe8b1b6000 	C:\Windows\System32\shlwapi.dll
0x00007ffe8a260000 - 0x00007ffe8a289000 	C:\Windows\SYSTEM32\profapi.dll
0x00007ffe66560000 - 0x00007ffe66578000 	C:\Program Files\Java\jdk-17\bin\zip.dll
0x00007ffe70f00000 - 0x00007ffe70f19000 	C:\Program Files\Java\jdk-17\bin\net.dll
0x00007ffe849b0000 - 0x00007ffe84ada000 	C:\Windows\SYSTEM32\WINHTTP.dll
0x00007ffe895d0000 - 0x00007ffe8963c000 	C:\Windows\system32\mswsock.dll
0x00007ffe6d210000 - 0x00007ffe6d226000 	C:\Program Files\Java\jdk-17\bin\nio.dll
0x00007ffe66550000 - 0x00007ffe66560000 	C:\Program Files\Java\jdk-17\bin\verify.dll
0x00007ffe5e7d0000 - 0x00007ffe5e7f7000 	C:\Users\kush kumar\.gradle\native\1def1411415f61bf3af743bc5b6707747c0891f09f0c88961ee8f79bc544acac\windows-amd64\native-platform.dll
0x00007ffe5a160000 - 0x00007ffe5a1d8000 	C:\Users\kush kumar\.gradle\native\0.2.7\x86_64-windows-gnu\gradle-fileevents.dll
0x00007ffe5ff70000 - 0x00007ffe5ff7a000 	C:\Program Files\Java\jdk-17\bin\management.dll
0x00007ffe5fe30000 - 0x00007ffe5fe3b000 	C:\Program Files\Java\jdk-17\bin\management_ext.dll
0x00007ffe889c0000 - 0x00007ffe889f3000 	C:\Windows\SYSTEM32\IPHLPAPI.DLL
0x00007ffe8bc70000 - 0x00007ffe8bc7a000 	C:\Windows\System32\NSI.dll
0x00007ffe84d30000 - 0x00007ffe84d4d000 	C:\Windows\SYSTEM32\dhcpcsvc6.DLL
0x00007ffe84ca0000 - 0x00007ffe84cc5000 	C:\Windows\SYSTEM32\dhcpcsvc.DLL
0x00007ffe88a50000 - 0x00007ffe88ba8000 	C:\Windows\SYSTEM32\DNSAPI.dll
0x00007ffe893b0000 - 0x00007ffe893bd000 	C:\Windows\SYSTEM32\DSPARSE.dll
0x00007ffe898e0000 - 0x00007ffe898fb000 	C:\Windows\SYSTEM32\CRYPTSP.dll
0x00007ffe88f70000 - 0x00007ffe88fa9000 	C:\Windows\system32\rsaenh.dll
0x00007ffe89680000 - 0x00007ffe896b4000 	C:\Windows\SYSTEM32\USERENV.dll
0x00007ffe8a230000 - 0x00007ffe8a25a000 	C:\Windows\SYSTEM32\bcrypt.dll
0x00007ffe898c0000 - 0x00007ffe898cc000 	C:\Windows\SYSTEM32\CRYPTBASE.dll
0x00007ffe5a150000 - 0x00007ffe5a15e000 	C:\Program Files\Java\jdk-17\bin\sunmscapi.dll
0x00007ffe8a480000 - 0x00007ffe8a5fe000 	C:\Windows\System32\CRYPT32.dll
0x00007ffe89b00000 - 0x00007ffe89b30000 	C:\Windows\SYSTEM32\ncrypt.dll
0x00007ffe89ab0000 - 0x00007ffe89aef000 	C:\Windows\SYSTEM32\NTASN1.dll
0x00007ffe7f1b0000 - 0x00007ffe7f1b8000 	C:\Windows\system32\wshunix.dll
0x0000000073e30000 - 0x0000000073e56000 	C:\Program Files\Bonjour\mdnsNSP.dll
0x00007ffe83c40000 - 0x00007ffe83c4b000 	C:\Windows\System32\rasadhlp.dll
0x00007ffe84de0000 - 0x00007ffe84e66000 	C:\Windows\System32\fwpuclnt.dll
0x00007ffe79770000 - 0x00007ffe79788000 	C:\Windows\system32\napinsp.dll
0x00007ffe72400000 - 0x00007ffe72413000 	C:\Windows\System32\winrnr.dll
0x00007ffe70fc0000 - 0x00007ffe70fe7000 	C:\Windows\system32\nlansp_c.dll
0x00007ffe722c0000 - 0x00007ffe722d6000 	C:\Windows\system32\wshbth.dll

dbghelp: loaded successfully - version: 4.0.5 - missing functions: none
symbol engine: initialized successfully - sym options: 0x614 - pdb path: .;C:\Program Files\Java\jdk-17\bin;C:\Windows\SYSTEM32;C:\Windows\WinSxS\amd64_microsoft.windows.common-controls_6595b64144ccf1df_6.0.26100.9278_none_3e0d1ba8e3303201;C:\Program Files\Java\jdk-17\bin\server;C:\Users\kush kumar\.gradle\native\1def1411415f61bf3af743bc5b6707747c0891f09f0c88961ee8f79bc544acac\windows-amd64;C:\Users\kush kumar\.gradle\native\0.2.7\x86_64-windows-gnu;C:\Program Files\Bonjour

VM Arguments:
jvm_args: --add-opens=java.base/java.lang=ALL-UNNAMED --add-opens=java.base/java.lang.invoke=ALL-UNNAMED --add-opens=java.base/java.util=ALL-UNNAMED --add-opens=java.prefs/java.util.prefs=ALL-UNNAMED --add-exports=jdk.compiler/com.sun.tools.javac.api=ALL-UNNAMED --add-exports=jdk.compiler/com.sun.tools.javac.util=ALL-UNNAMED --add-opens=java.base/java.util=ALL-UNNAMED --add-opens=java.prefs/java.util.prefs=ALL-UNNAMED --add-opens=java.base/java.nio.charset=ALL-UNNAMED --add-opens=java.base/java.net=ALL-UNNAMED --add-opens=java.base/java.util.concurrent.atomic=ALL-UNNAMED --add-opens=java.xml/javax.xml.namespace=ALL-UNNAMED -XX:MaxMetaspaceSize=512m -XX:ReservedCodeCacheSize=256m -XX:+HeapDumpOnOutOfMemoryError -Xmx2G -Dfile.encoding=windows-1252 -Duser.country=US -Duser.language=en -Duser.variant -javaagent:C:\Users\kush kumar\.gradle\wrapper\dists\gradle-8.14-all\c2qonpi39x1mddn7hk5gh9iqj\gradle-8.14\lib\agents\gradle-instrumentation-agent-8.14.jar 
java_command: org.gradle.launcher.daemon.bootstrap.GradleDaemon 8.14
java_class_path (initial): C:\Users\kush kumar\.gradle\wrapper\dists\gradle-8.14-all\c2qonpi39x1mddn7hk5gh9iqj\gradle-8.14\lib\gradle-daemon-main-8.14.jar
Launcher Type: SUN_STANDARD

[Global flags]
     intx CICompilerCount                          = 4                                         {product} {ergonomic}
   size_t CompressedClassSpaceSize                 = 436207616                                 {product} {ergonomic}
     uint ConcGCThreads                            = 2                                         {product} {ergonomic}
     uint G1ConcRefinementThreads                  = 8                                         {product} {ergonomic}
   size_t G1HeapRegionSize                         = 1048576                                   {product} {ergonomic}
    uintx GCDrainStackTargetSize                   = 64                                        {product} {ergonomic}
     bool HeapDumpOnOutOfMemoryError               = true                                   {manageable} {command line}
   size_t InitialHeapSize                          = 257949696                                 {product} {ergonomic}
   size_t MarkStackSize                            = 4194304                                   {product} {ergonomic}
   size_t MaxHeapSize                              = 2147483648                                {product} {command line}
   size_t MaxMetaspaceSize                         = 536870912                                 {product} {command line}
   size_t MaxNewSize                               = 1287651328                                {product} {ergonomic}
   size_t MinHeapDeltaBytes                        = 1048576                                   {product} {ergonomic}
   size_t MinHeapSize                              = 8388608                                   {product} {ergonomic}
    uintx NonNMethodCodeHeapSize                   = 5839372                                {pd product} {ergonomic}
    uintx NonProfiledCodeHeapSize                  = 131298042                              {pd product} {ergonomic}
    uintx ProfiledCodeHeapSize                     = 131298042                              {pd product} {ergonomic}
    uintx ReservedCodeCacheSize                    = 268435456                              {pd product} {command line}
     bool SegmentedCodeCache                       = true                                      {product} {ergonomic}
   size_t SoftMaxHeapSize                          = 2147483648                             {manageable} {ergonomic}
   double SweeperThreshold                         = 0.468750                                  {product} {ergonomic}
     bool UseCompressedClassPointers               = true                           {product lp64_product} {ergonomic}
     bool UseCompressedOops                        = true                           {product lp64_product} {ergonomic}
     bool UseG1GC                                  = true                                      {product} {ergonomic}
     bool UseLargePagesIndividualAllocation        = false                                  {pd product} {ergonomic}

Logging:
Log output configuration:
 #0: stdout all=warning uptime,level,tags
 #1: stderr all=off uptime,level,tags

Environment Variables:
CLASSPATH=E:\Downloads\google chrome downloads\connectcall_flutter_app\connectcall\android\\gradle\wrapper\gradle-wrapper.jar
PATH=C:\Python314\Scripts\;C:\Python314\;C:\Program Files\Common Files\Oracle\Java\javapath;C:\Program Files (x86)\Common Files\Oracle\Java\java8path;C:\Program Files (x86)\Common Files\Oracle\Java\javapath;C:\Windows\system32;C:\Windows;C:\Windows\System32\Wbem;C:\Windows\System32\WindowsPowerShell\v1.0\;C:\Windows\System32\OpenSSH\;C:\Program Files\Microsoft SQL Server\170\Tools\Binn\;C:\Program Files\Microsoft SQL Server\Client SDK\ODBC\170\Tools\Binn\;C:\Program Files\dotnet\;C:\Program Files (x86)\Windows Kits\10\Windows Performance Toolkit\;C:\MinGW\bin;C:\Program Files\Java\jdk-17\bin;C:\Program Files\Go\bin;C:\Program Files\CMake\bin;C:\ProgramData\chocolatey\bin;D:\nodejs\;C:\Users\kush kumar\AppData\Roaming\npm;C:\Program Files\Git\cmd;C:\Program Files\Git\mingw64\bin;C:\Program Files\Git\usr\bin;C:\Users\kush kumar\.cargo\bin;E:\flutter_sdk\flutter\bin\;c:\Users\kush kumar\AppData\Roaming\Code\User\globalStorage\github.copilot-chat\debugCommand;c:\Users\kush kumar\AppData\Roaming\Code\User\globalStorage\github.copilot-chat\copilotCli;C:\Python314\Scripts\;C:\Python314\;C:\Program Files\Common Files\Oracle\Java\javapath;C:\Windows\system32;C:\Windows;C:\Windows\System32\Wbem;C:\Windows\System32\WindowsPowerShell\v1.0\;C:\Windows\System32\OpenSSH\;C:\Program Files\Microsoft SQL Server\170\Tools\Binn\;C:\Program Files\Microsoft SQL Server\Client SDK\ODBC\170\Tools\Binn\;C:\Program Files\dotnet\;C:\Program Files (x86)\Windows Kits\10\Windows Performance Toolkit\;C:\MinGW\bin;C:\Program Files\Java\jdk-17\bin;C:\Program Files\Go\bin;C:\Program Files\CMake\bin;C:\Program Files\Git\cmd;C:\Program Files\Git\mingw64\bin;C:\Program Files\Git\usr\bin;C:\ProgramData\chocolatey\bin;D:\nodejs\;C:\Users\kush kumar\AppData\Roaming\npm;C:\Users\Kush kumar\AppData\Local\Pub\Cache\bin;C:\Users\kush kumar\AppData\Local\Programs\Microsoft VS Code\bin;c;;C:\Users\kush kumar\AppData\Local\Programs\Ollama;C:\Users\kush kumar\.dotnet\tools
USERNAME=kush kumar
OS=Windows_NT
PROCESSOR_IDENTIFIER=AMD64 Family 23 Model 160 Stepping 0, AuthenticAMD



---------------  S Y S T E M  ---------------

OS:
 Windows 11 , 64 bit Build 26100 (10.0.26100.9444)
OS uptime: 0 days 21:25 hours
Hyper-V role detected

CPU: total 8 (initial active 8) (8 cores per cpu, 2 threads per core) family 23 model 160 stepping 0 microcode 0x8a0000b, cx8, cmov, fxsr, ht, mmx, 3dnowpref, sse, sse2, sse3, ssse3, sse4a, sse4.1, sse4.2, popcnt, lzcnt, tsc, tscinvbit, avx, avx2, aes, clmul, bmi1, bmi2, adx, sha, fma, vzeroupper, clflush, clflushopt, hv

Memory: 4k page, system-wide physical 15647M (823M free)
TotalPageFile size 28147M (AvailPageFile size 10M)
current process WorkingSet (physical memory assigned to process): 782M, peak: 782M
current process commit charge ("private bytes"): 924M, peak: 925M

vm_info: Java HotSpot(TM) 64-Bit Server VM (17.0.17+8-LTS-360) for windows-amd64 JRE (17.0.17+8-LTS-360), built on Sep 27 2025 05:17:01 by "mach5run" with MS VC++ 17.6 (VS2022)

END.
